street,city,zip,state,beds,baths,sqft,type,price,latitude,longitude
3526 HIGH ST,SACRAMENTO,95838,CA,2,1,836,Residential,59222,38.631913,-121.434879
51 OMAHA CT,SACRAMENTO,95823,CA,3,1,1167,Residential,68212,38.478902,-121.431028
2796 BRANCH ST,SACRAMENTO,95815,CA,2,1,796,Residential,68880,38.618305,-121.443839
2805 JANETTE WAY,SACRAMENTO,95815,CA,2,1,852,Residential,69307,38.616835,-121.439146
6001 MCMAHON DR,SACRAMENTO,95824,CA,2,1,797,Residential,81900,38.51947,-121.435768
5828 PEPPERMILL CT,SACRAMENTO,95841,CA,3,1,1122,Condo,89921,38.662595,-121.327813
6048 OGDEN NASH WAY,SACRAMENTO,95842,CA,3,2,1104,Residential,90895,38.681659,-121.351705
2561 19TH AVE,SACRAMENTO,95820,CA,3,1,1177,Residential,91002,38.535092,-121.481367
11150 TRINITY RIVER DR Unit 114,RANCHO CORDOVA,95670,CA,2,2,941,Condo,94905,38.621188,-121.270555
7325 10TH ST,RIO LINDA,95673,CA,3,2,1146,Residential,98937,38.700909,-121.442979
645 MORRISON AVE,SACRAMENTO,95838,CA,3,2,909,Residential,100309,38.637663,-121.45152
4085 FAWN CIR,SACRAMENTO,95823,CA,3,2,1289,Residential,106250,38.470746,-121.458918
2930 LA ROSA RD,SACRAMENTO,95815,CA,1,1,871,Residential,106852,38.618698,-121.435833
2113 KIRK WAY,SACRAMENTO,95822,CA,3,1,1020,Residential,107502,38.482215,-121.492603
4533 LOCH HAVEN WAY,SACRAMENTO,95842,CA,2,2,1022,Residential,108750,38.672914,-121.35934
7340 HAMDEN PL,SACRAMENTO,95842,CA,2,2,1134,Condo,110700,38.700051,-121.351278
6715 6TH ST,RIO LINDA,95673,CA,2,1,844,Residential,113263,38.689591,-121.452239
6236 LONGFORD DR Unit 1,CITRUS HEIGHTS,95621,CA,2,1,795,Condo,116250,38.679776,-121.314089
250 PERALTA AVE,SACRAMENTO,95833,CA,2,1,588,Residential,120000,38.612099,-121.469095
113 LEEWILL AVE,RIO LINDA,95673,CA,3,2,1356,Residential,121630,38.689999,-121.46322
6118 STONEHAND AVE,CITRUS HEIGHTS,95621,CA,3,2,1118,Residential,122000,38.707851,-121.320707
4882 BANDALIN WAY,SACRAMENTO,95823,CA,4,2,1329,Residential,122682,38.468173,-121.444071
7511 OAKVALE CT,NORTH HIGHLANDS,95660,CA,4,2,1240,Residential,123000,38.702792,-121.38221
9 PASTURE CT,SACRAMENTO,95834,CA,3,2,1601,Residential,124100,38.628631,-121.488097
3729 BAINBRIDGE DR,NORTH HIGHLANDS,95660,CA,3,2,901,Residential,125000,38.701499,-121.37622
3828 BLACKFOOT WAY,ANTELOPE,95843,CA,3,2,1088,Residential,126640,38.70974,-121.37377
4108 NORTON WAY,SACRAMENTO,95820,CA,3,1,963,Residential,127281,38.537526,-121.478315
1469 JANRICK AVE,SACRAMENTO,95832,CA,3,2,1119,Residential,129000,38.476472,-121.501711
9861 CULP WAY,SACRAMENTO,95827,CA,4,2,1380,Residential,131200,38.558423,-121.327948
7825 CREEK VALLEY CIR,SACRAMENTO,95828,CA,3,2,1248,Residential,132000,38.472122,-121.404199
5201 LAGUNA OAKS DR Unit 140,ELK GROVE,95758,CA,2,2,1039,Condo,133000,38.423251,-121.444489
6768 MEDORA DR,NORTH HIGHLANDS,95660,CA,3,2,1152,Residential,134555,38.691161,-121.37192
3100 EXPLORER DR,SACRAMENTO,95827,CA,3,2,1380,Residential,136500,38.566663,-121.332644
7944 DOMINION WAY,ELVERTA,95626,CA,3,2,1116,Residential,138750,38.713182,-121.411227
5201 LAGUNA OAKS DR Unit 162,ELK GROVE,95758,CA,2,2,1039,Condo,141000,38.423251,-121.444489
3920 SHINING STAR DR,SACRAMENTO,95823,CA,3,2,1418,Residential,146250,38.48742,-121.462459
5031 CORVAIR ST,NORTH HIGHLANDS,95660,CA,3,2,1082,Residential,147308,38.658246,-121.375469
7661 NIXOS WAY,SACRAMENTO,95823,CA,4,2,1472,Residential,148750,38.479553,-121.463317
7044 CARTHY WAY,SACRAMENTO,95828,CA,4,2,1146,Residential,149593,38.49857,-121.420925
2442 LARKSPUR LN,SACRAMENTO,95825,CA,1,1,760,Condo,150000,38.58514,-121.403736
4800 WESTLAKE PKWY Unit 2109,SACRAMENTO,95835,CA,2,2,1304,Condo,152000,38.658812,-121.542345
2178 63RD AVE,SACRAMENTO,95822,CA,3,2,1207,Residential,154000,38.493955,-121.48966
8718 ELK WAY,ELK GROVE,95624,CA,3,2,1056,Residential,156896,38.41653,-121.379653
5708 RIDGEPOINT DR,ANTELOPE,95843,CA,2,2,1043,Residential,161250,38.72027,-121.331555
7315 KOALA CT,NORTH HIGHLANDS,95660,CA,4,2,1587,Residential,161500,38.699251,-121.371414
2622 ERIN DR,SACRAMENTO,95833,CA,4,1,1120,Residential,164000,38.613765,-121.488694
8421 SUNBLAZE WAY,SACRAMENTO,95823,CA,4,2,1580,Residential,165000,38.450543,-121.432538
7420 ALIX PKWY,SACRAMENTO,95823,CA,4,1,1955,Residential,166357,38.489405,-121.452811
3820 NATOMA WAY,SACRAMENTO,95838,CA,4,2,1656,Residential,166357,38.636748,-121.422159
4431 GREEN TREE DR,SACRAMENTO,95823,CA,3,2,1477,Residential,168000,38.499954,-121.454469
9417 SARA ST,ELK GROVE,95624,CA,3,2,1188,Residential,170000,38.415518,-121.370527
8299 HALBRITE WAY,SACRAMENTO,95828,CA,4,2,1590,Residential,173000,38.473814,-121.4
7223 KALLIE KAY LN,SACRAMENTO,95823,CA,3,2,1463,Residential,174250,38.477553,-121.419463
8156 STEINBECK WAY,SACRAMENTO,95828,CA,4,2,1714,Residential,174313,38.474853,-121.406326
7957 VALLEY GREEN DR,SACRAMENTO,95823,CA,3,2,1185,Residential,178480,38.465184,-121.434925
1122 WILD POPPY CT,GALT,95632,CA,3,2,1406,Residential,178760,38.287789,-121.294715
4520 BOMARK WAY,SACRAMENTO,95842,CA,4,2,1943,Multi-Family,179580,38.665724,-121.358576
9012 KIEFER BLVD,SACRAMENTO,95826,CA,3,2,1172,Residential,181000,38.547011,-121.366217
5332 SANDSTONE ST,CARMICHAEL,95608,CA,3,1,1152,Residential,181872,38.662105,-121.313945
5993 SAWYER CIR,SACRAMENTO,95823,CA,4,3,1851,Residential,182587,38.4473,-121.435218
4844 CLYDEBANK WAY,ANTELOPE,95843,CA,3,2,1215,Residential,182716,38.714609,-121.347887
306 CAMELLIA WAY,GALT,95632,CA,3,2,1130,Residential,182750,38.260443,-121.297864
9021 MADISON AVE,ORANGEVALE,95662,CA,4,2,1603,Residential,183200,38.664186,-121.217511
404 6TH ST,GALT,95632,CA,3,1,1479,Residential,188741,38.251808,-121.302493
8317 SUNNY CREEK WAY,SACRAMENTO,95823,CA,3,2,1420,Residential,189000,38.459041,-121.424644
2617 BASS CT,SACRAMENTO,95826,CA,3,2,1280,Residential,192067,38.560767,-121.377471
7005 TIANT WAY,ELK GROVE,95758,CA,3,2,1586,Residential,194000,38.422811,-121.423285
7895 CABER WAY,ANTELOPE,95843,CA,3,2,1362,Residential,194818,38.711279,-121.393449
7624 BOGEY CT,SACRAMENTO,95828,CA,4,4,2162,Multi-Family,195000,38.48009,-121.415102
6930 HAMPTON COVE WAY,SACRAMENTO,95823,CA,3,2,1266,Residential,198000,38.44004,-121.421012
8708 MESA BROOK WAY,ELK GROVE,95624,CA,4,2,1715,Residential,199500,38.44076,-121.385792
120 GRANT LN,FOLSOM,95630,CA,3,2,1820,Residential,200000,38.687742,-121.17104
5907 ELLERSLEE DR,CARMICHAEL,95608,CA,3,1,936,Residential,200000,38.664468,-121.32683
17 SERASPI CT,SACRAMENTO,95834,CA,0,0,0,Residential,206000,38.631481,-121.50188
170 PENHOW CIR,SACRAMENTO,95834,CA,3,2,1511,Residential,208000,38.653439,-121.535169
8345 STAR THISTLE WAY,SACRAMENTO,95823,CA,4,2,1590,Residential,212864,38.454349,-121.439239
9080 FRESCA WAY,ELK GROVE,95758,CA,4,2,1596,Residential,221000,38.427818,-121.424026
391 NATALINO CIR,SACRAMENTO,95835,CA,2,2,1341,Residential,221000,38.67307,-121.506373
8373 BLACKMAN WAY,ELK GROVE,95624,CA,5,3,2136,Residential,223058,38.435436,-121.394536
9837 CORTE DORADO CT,ELK GROVE,95624,CA,4,2,1616,Residential,227887,38.400676,-121.38101
5037 J PKWY,SACRAMENTO,95823,CA,3,2,1478,Residential,231477,38.491399,-121.443547
10245 LOS PALOS DR,RANCHO CORDOVA,95670,CA,3,2,1287,Residential,234697,38.593699,-121.31089
6613 NAVION DR,CITRUS HEIGHTS,95621,CA,4,2,1277,Residential,235000,38.702855,-121.31308
2887 AZEVEDO DR,SACRAMENTO,95833,CA,4,2,1448,Residential,236000,38.618457,-121.509439
9186 KINBRACE CT,SACRAMENTO,95829,CA,4,3,2235,Residential,236685,38.463355,-121.358936
4243 MIDDLEBURY WAY,MATHER,95655,CA,3,2,2093,Residential,237800,38.547991,-121.280483
1028 FALLON PLACE CT,RIO LINDA,95673,CA,3,2,1193,Residential,240122,38.693818,-121.441153
4804 NORIKER DR,ELK GROVE,95757,CA,3,2,2163,Residential,242638,38.400974,-121.448424
7713 HARVEST WOODS DR,SACRAMENTO,95828,CA,3,2,1269,Residential,244000,38.478198,-121.412911
2866 KARITSA AVE,SACRAMENTO,95833,CA,0,0,0,Residential,244500,38.626671,-121.52597
6913 RICHEVE WAY,SACRAMENTO,95828,CA,3,1,958,Residential,244960,38.502519,-121.420769
8636 TEGEA WAY,ELK GROVE,95624,CA,5,3,2508,Residential,245918,38.443832,-121.382087
5448 MAIDSTONE WAY,CITRUS HEIGHTS,95621,CA,3,2,1305,Residential,250000,38.665395,-121.293288
18 OLLIE CT,ELK GROVE,95758,CA,4,2,1591,Residential,250000,38.444909,-121.412345
4010 ALEX LN,CARMICHAEL,95608,CA,2,2,1326,Condo,250134,38.637028,-121.312963
4901 MILLNER WAY,ELK GROVE,95757,CA,3,2,1843,Residential,254200,38.38692,-121.447349
4818 BRITTNEY LEE CT,SACRAMENTO,95841,CA,4,2,1921,Residential,254200,38.653917,-121.34218
5529 LAGUNA PARK DR,ELK GROVE,95758,CA,5,3,2790,Residential,258000,38.42568,-121.438062
230 CANDELA CIR,SACRAMENTO,95835,CA,3,2,1541,Residential,260000,38.656251,-121.547572
4900 71ST ST,SACRAMENTO,95820,CA,3,1,1018,Residential,260014,38.53151,-121.421089
12209 CONSERVANCY WAY,RANCHO CORDOVA,95742,CA,0,0,0,Residential,263500,38.553867,-121.219141
4236 NATOMAS CENTRAL DR,SACRAMENTO,95834,CA,3,2,1672,Condo,265000,38.648879,-121.544023
5615 LUPIN LN,POLLOCK PINES,95726,CA,3,2,1380,Residential,265000,38.708315,-120.603872
5625 JAMES WAY,SACRAMENTO,95822,CA,3,1,975,Residential,271742,38.523947,-121.484946
7842 LAHONTAN CT,SACRAMENTO,95829,CA,4,3,2372,Residential,273750,38.472976,-121.318633
6850 21ST ST,SACRAMENTO,95822,CA,3,2,1446,Residential,275086,38.502194,-121.490795
2900 BLAIR RD,POLLOCK PINES,95726,CA,2,2,1284,Residential,280908,38.75485,-120.60476
2064 EXPEDITION WAY,SACRAMENTO,95832,CA,4,3,3009,Residential,280987,38.474099,-121.490711
2912 NORCADE CIR,SACRAMENTO,95826,CA,8,4,3612,Multi-Family,282400,38.559505,-121.364839
9507 SEA CLIFF WAY,ELK GROVE,95758,CA,4,2,2056,Residential,285000,38.410992,-121.479043
8882 AUTUMN GOLD CT,ELK GROVE,95624,CA,4,2,1993,Residential,287417,38.4439,-121.37255
5322 WHITE LOTUS WAY,ELK GROVE,95757,CA,3,2,1857,Residential,291000,38.391538,-121.442596
1838 CASTRO WAY,SACRAMENTO,95818,CA,2,1,1126,Residential,292024,38.556098,-121.490787
10158 CRAWFORD WAY,SACRAMENTO,95827,CA,4,4,2213,Multi-Family,297000,38.5703,-121.315735
7731 MASTERS ST,ELK GROVE,95758,CA,5,3,2494,Residential,297000,38.442031,-121.410873
4925 PERCHERON DR,ELK GROVE,95757,CA,3,2,1843,Residential,298000,38.40154,-121.447649
2010 PROMONTORY POINT LN,GOLD RIVER,95670,CA,2,2,1520,Residential,299000,38.62869,-121.261669
4727 SAVOIE WAY,SACRAMENTO,95835,CA,5,3,2800,Residential,304037,38.658182,-121.549521
8664 MAGNOLIA HILL WAY,ELK GROVE,95624,CA,4,2,2309,Residential,311000,38.442352,-121.389675
9570 HARVEST ROSE WAY,SACRAMENTO,95827,CA,5,3,2367,Residential,315537,38.555993,-121.340352
4359 CREGAN CT,RANCHO CORDOVA,95742,CA,5,4,3516,Residential,320000,38.545128,-121.224922
5337 DUSTY ROSE WAY,RANCHO CORDOVA,95742,CA,0,0,0,Residential,320000,38.528575,-121.2286
8929 SUTTERS GOLD DR,SACRAMENTO,95826,CA,4,3,1914,Residential,328360,38.550848,-121.370224
8025 PEERLESS AVE,ORANGEVALE,95662,CA,2,1,1690,Residential,334150,38.71147,-121.216214
4620 WELERA WAY,ELK GROVE,95757,CA,3,3,2725,Residential,335750,38.398609,-121.450148
9723 TERRAPIN CT,ELK GROVE,95757,CA,4,3,2354,Residential,335750,38.403492,-121.430224
2115 SMOKESTACK WAY,SACRAMENTO,95833,CA,0,0,0,Residential,339500,38.602416,-121.542965
100 REBECCA WAY,FOLSOM,95630,CA,3,2,2185,Residential,344250,38.68479,-121.149199
9488 OAK VILLAGE WAY,ELK GROVE,95758,CA,4,2,1801,Residential,346210,38.41333,-121.404999
8495 DARTFORD DR,SACRAMENTO,95823,CA,3,3,1961,Residential,347029,38.448507,-121.421346
6708 PONTA DO SOL WAY,ELK GROVE,95757,CA,4,2,3134,Residential,347650,38.380635,-121.425538
4143 SEA MEADOW WAY,SACRAMENTO,95823,CA,4,3,1915,Residential,351300,38.46534,-121.457519
3020 RICHARDSON CIR,EL DORADO HILLS,95762,CA,3,2,0,Residential,352000,38.691299,-121.081752
8082 LINDA ISLE LN,SACRAMENTO,95831,CA,0,0,0,Residential,370000,38.4772,-121.5215
15300 MURIETA SOUTH PKWY,RANCHO MURIETA,95683,CA,4,3,2734,Residential,370500,38.4874,-121.075129
11215 SHARRMONT CT,WILTON,95693,CA,3,2,2110,Residential,372000,38.35062,-121.228349
7105 DANBERG WAY,ELK GROVE,95757,CA,5,3,3164,Residential,375000,38.4019,-121.420388
5579 JERRY LITELL WAY,SACRAMENTO,95835,CA,5,3,3599,Residential,381300,38.677126,-121.500519
1050 FOXHALL WAY,SACRAMENTO,95831,CA,4,2,2054,Residential,381942,38.509819,-121.519661
7837 ABBINGTON WAY,ANTELOPE,95843,CA,4,2,1830,Residential,387731,38.709873,-121.339472
1300 F ST,SACRAMENTO,95814,CA,3,3,1627,Residential,391000,38.58355,-121.487289
6801 RAWLEY WAY,ELK GROVE,95757,CA,4,3,3440,Residential,394470,38.408351,-121.423925
1693 SHELTER COVE DR,GREENWOOD,95635,CA,3,2,2846,Residential,395000,38.945357,-120.908822
9361 WADDELL LN,ELK GROVE,95624,CA,4,3,2359,Residential,400186,38.450829,-121.349928
10 SEA FOAM CT,SACRAMENTO,95831,CA,3,3,2052,Residential,415000,38.487885,-121.545947
6945 RIO TEJO WAY,ELK GROVE,95757,CA,5,3,3433,Residential,425000,38.385638,-121.422616
4186 TULIP PARK WAY,RANCHO CORDOVA,95742,CA,5,3,3615,Residential,430000,38.550617,-121.23526
9278 DAIRY CT,ELK GROVE,95624,CA,0,0,0,Residential,445000,38.420338,-121.363757
207 ORANGE BLOSSOM CIR Unit C,FOLSOM,95630,CA,5,3,2687,Residential,460000,38.646273,-121.175322
6507 RIO DE ONAR WAY,ELK GROVE,95757,CA,4,3,2724,Residential,461000,38.38253,-121.428007
7004 RAWLEY WAY,ELK GROVE,95757,CA,4,3,3440,Residential,489332,38.406421,-121.422081
6503 RIO DE ONAR WAY,ELK GROVE,95757,CA,5,4,3508,Residential,510000,38.38253,-121.428038
2217 APPALOOSA CT,FOLSOM,95630,CA,4,2,2462,Residential,539000,38.655167,-121.090178
868 HILDEBRAND CIR,FOLSOM,95630,CA,0,0,0,Residential,585000,38.670947,-121.097727
6030 PALERMO WAY,EL DORADO HILLS,95762,CA,4,3,0,Residential,600000,38.672761,-121.050378
4070 REDONDO DR,EL DORADO HILLS,95762,CA,4,3,0,Residential,606238,38.666807,-121.06483
4004 CRESTA WAY,SACRAMENTO,95864,CA,3,3,2325,Residential,660000,38.591618,-121.370626
315 JUMEL CT,EL DORADO HILLS,95762,CA,6,5,0,Residential,830000,38.669931,-121.05958
6272 LONGFORD DR Unit 1,CITRUS HEIGHTS,95621,CA,2,1,795,Condo,69000,38.680923,-121.313945
3432 Y ST,SACRAMENTO,95817,CA,4,2,1099,Residential,70000,38.554967,-121.468046
9512 EMERALD PARK DR Unit 3,ELK GROVE,95624,CA,2,1,840,Condo,71000,38.40573,-121.369832
3132 CLAY ST,SACRAMENTO,95815,CA,2,1,800,Residential,78000,38.624678,-121.439203
5221 38TH AVE,SACRAMENTO,95824,CA,2,1,746,Residential,78400,38.518044,-121.443555
6112 HERMOSA ST,SACRAMENTO,95822,CA,3,1,1067,Residential,80000,38.515125,-121.480416
483 ARCADE BLVD,SACRAMENTO,95815,CA,4,2,1316,Residential,89000,38.623571,-121.454884
671 SONOMA AVE,SACRAMENTO,95815,CA,3,1,1337,Residential,90000,38.622953,-121.450142
5980 79TH ST,SACRAMENTO,95824,CA,2,1,868,Residential,90000,38.518373,-121.411779
7607 ELDER CREEK RD,SACRAMENTO,95824,CA,3,1,924,Residential,92000,38.51055,-121.414768
5028 14TH AVE,SACRAMENTO,95820,CA,2,1,610,Residential,93675,38.53942,-121.446894
14788 NATCHEZ CT,RANCHO MURIETA,95683,CA,0,0,0,Residential,97750,38.492287,-121.100032
1069 ACACIA AVE,SACRAMENTO,95815,CA,2,1,1220,Residential,98000,38.621998,-121.442238
5201 LAGUNA OAKS DR Unit 199,ELK GROVE,95758,CA,1,1,722,Condo,98000,38.423251,-121.444489
3847 LAS PASAS WAY,SACRAMENTO,95864,CA,3,1,1643,Residential,99000,38.588672,-121.373916
5201 LAGUNA OAKS DR Unit 172,ELK GROVE,95758,CA,1,1,722,Condo,100000,38.423251,-121.444489
1121 CREEKSIDE WAY,GALT,95632,CA,3,1,1080,Residential,106716,38.241514,-121.312199
5307 CABRILLO WAY,SACRAMENTO,95820,CA,3,1,1039,Residential,111000,38.52712,-121.435348
3725 DON JULIO BLVD,NORTH HIGHLANDS,95660,CA,3,1,1051,Residential,111000,38.67895,-121.379406
4803 MCCLOUD DR,SACRAMENTO,95842,CA,2,2,967,Residential,114800,38.682279,-121.352817
10542 SILVERWOOD WAY,RANCHO CORDOVA,95670,CA,3,1,1098,Residential,120108,38.587156,-121.295778
6318 39TH AVE,SACRAMENTO,95824,CA,3,1,1050,Residential,123225,38.518942,-121.430158
211 MCDANIEL CIR,SACRAMENTO,95838,CA,3,2,1110,Residential,123750,38.636565,-121.460383
3800 LYNHURST WAY,NORTH HIGHLANDS,95660,CA,3,1,888,Residential,125000,38.650445,-121.374861
6139 HERMOSA ST,SACRAMENTO,95822,CA,3,2,1120,Residential,125000,38.514665,-121.480411
2505 RHINE WAY,ELVERTA,95626,CA,3,2,1080,Residential,126000,38.717976,-121.407684
3692 PAYNE WAY,NORTH HIGHLANDS,95660,CA,3,1,957,Residential,129000,38.66654,-121.378298
604 MORRISON AVE,SACRAMENTO,95838,CA,2,1,952,Residential,134000,38.637678,-121.452476
648 SANTA ANA AVE,SACRAMENTO,95838,CA,3,2,1211,Residential,135000,38.658478,-121.450409
14 ASHLEY OAKS CT,SACRAMENTO,95815,CA,3,2,1264,Residential,135500,38.61779,-121.436765
3174 NORTHVIEW DR,SACRAMENTO,95833,CA,3,1,1080,Residential,140000,38.623817,-121.477827
840 TRANQUIL LN,GALT,95632,CA,3,2,1266,Residential,140000,38.270617,-121.299205
5333 PRIMROSE DR Unit 19A,FAIR OAKS,95628,CA,2,2,994,Condo,142500,38.662785,-121.276272
1035 MILLET WAY,SACRAMENTO,95834,CA,3,2,1202,Residential,143500,38.631056,-121.48508
5201 LAGUNA OAKS DR Unit 126,ELK GROVE,95758,CA,0,0,0,Condo,145000,38.423251,-121.444489
3328 22ND AVE,SACRAMENTO,95820,CA,2,1,722,Residential,145000,38.532727,-121.470783
8001 HARTWICK WAY,SACRAMENTO,95828,CA,4,2,1448,Residential,145000,38.488623,-121.410582
7812 HARTWICK WAY,SACRAMENTO,95828,CA,3,2,1188,Residential,145000,38.488611,-121.412808
4207 PAINTER WAY,NORTH HIGHLANDS,95660,CA,4,2,1183,Residential,146000,38.692915,-121.367497
7458 WINKLEY WAY,SACRAMENTO,95822,CA,3,1,1320,Residential,148500,38.487444,-121.491366
8354 SUNRISE WOODS WAY,SACRAMENTO,95828,CA,3,2,1117,Residential,149000,38.473288,-121.3963
8116 COTTONMILL CIR,SACRAMENTO,95828,CA,3,2,1364,Residential,150000,38.482876,-121.405912
4660 CEDARWOOD WAY,SACRAMENTO,95823,CA,4,2,1310,Residential,150000,38.484834,-121.449316
9254 HARROGATE WAY,ELK GROVE,95758,CA,2,2,1006,Residential,152000,38.420138,-121.412179
6716 TAREYTON WAY,CITRUS HEIGHTS,95621,CA,3,2,1104,Residential,156000,38.693724,-121.307169
2028 ROBERT WAY,SACRAMENTO,95825,CA,2,1,810,Residential,156000,38.609982,-121.419263
9346 AIZENBERG CIR,ELK GROVE,95624,CA,2,2,1123,Residential,156000,38.41875,-121.370019
4524 LOCH HAVEN WAY,SACRAMENTO,95842,CA,2,1,904,Residential,157788,38.67273,-121.359645
7140 BLUE SPRINGS WAY,CITRUS HEIGHTS,95621,CA,3,2,1156,Residential,161653,38.720653,-121.302241
4631 11TH AVE,SACRAMENTO,95820,CA,2,1,1321,Residential,161829,38.541965,-121.452132
3228 BAGGAN CT,ANTELOPE,95843,CA,3,2,1392,Residential,165000,38.715346,-121.388163
8515 DARTFORD DR,SACRAMENTO,95823,CA,3,2,1439,Residential,168000,38.448288,-121.420719
4500 TIPPWOOD WAY,SACRAMENTO,95842,CA,3,2,1159,Residential,169000,38.69951,-121.359989
2460 EL ROCCO WAY,RANCHO CORDOVA,95670,CA,3,2,1671,Residential,175000,38.591477,-121.31534
8244 SUNBIRD WAY,SACRAMENTO,95823,CA,3,2,1740,Residential,176250,38.457654,-121.431381
5841 VALLEY VALE WAY,SACRAMENTO,95823,CA,3,2,1265,Residential,179000,38.461283,-121.434322
7863 CRESTLEIGH CT,ANTELOPE,95843,CA,2,2,1007,Residential,180000,38.710889,-121.358876
7129 SPRINGMONT DR,ELK GROVE,95758,CA,3,2,1716,Residential,180400,38.417649,-121.420294
8284 RED FOX WAY,ELK GROVE,95758,CA,4,2,1685,Residential,182000,38.417182,-121.397231
2219 EL CANTO CIR,RANCHO CORDOVA,95670,CA,4,2,1829,Residential,184500,38.592383,-121.318669
8907 GEMWOOD WAY,ELK GROVE,95758,CA,3,2,1555,Residential,185000,38.435471,-121.441173
5925 MALEVILLE AVE,CARMICHAEL,95608,CA,4,2,1120,Residential,189000,38.666564,-121.325717
7031 CANEVALLEY CIR,CITRUS HEIGHTS,95621,CA,3,2,1137,Residential,194000,38.718693,-121.303619
3949 WILDROSE WAY,SACRAMENTO,95826,CA,3,1,1174,Residential,195000,38.543697,-121.366683
4437 MITCHUM CT,ANTELOPE,95843,CA,3,2,1393,Residential,200000,38.704407,-121.36113
2778 KAWEAH CT,CAMERON PARK,95682,CA,3,1,0,Residential,201000,38.694052,-120.995589
1636 ALLENWOOD CIR,LINCOLN,95648,CA,4,2,0,Residential,202500,38.879192,-121.309477
8151 QUAIL RIDGE CT,SACRAMENTO,95828,CA,3,2,1289,Residential,205000,38.461296,-121.390858
4899 WIND CREEK DR,SACRAMENTO,95838,CA,4,2,1799,Residential,205000,38.655887,-121.446119
2370 BIG CANYON CREEK RD,PLACERVILLE,95667,CA,3,2,0,Residential,205000,38.74458,-120.794254
6049 HAMBURG WAY,SACRAMENTO,95823,CA,4,3,1953,Residential,205000,38.443253,-121.431992
4232 71ST ST,SACRAMENTO,95820,CA,2,1,723,Residential,207000,38.536741,-121.42115
3361 BOW MAR CT,CAMERON PARK,95682,CA,2,2,0,Residential,210000,38.69437,-120.996602
1889 COLD SPRINGS RD,PLACERVILLE,95667,CA,2,1,948,Residential,211500,38.739774,-120.860243
5805 HIMALAYA WAY,CITRUS HEIGHTS,95621,CA,4,2,1578,Residential,215000,38.696489,-121.328555
7944 SYLVAN OAK WAY,CITRUS HEIGHTS,95610,CA,3,2,1317,Residential,215000,38.710388,-121.261096
3139 SPOONWOOD WAY Unit 1,SACRAMENTO,95833,CA,0,0,0,Residential,215500,38.626582,-121.52151
6217 LEOLA WAY,SACRAMENTO,95824,CA,3,1,1360,Residential,222381,38.513066,-121.451909
2340 HURLEY WAY,SACRAMENTO,95825,CA,0,0,0,Condo,225000,38.588816,-121.408549
3035 BRUNNET LN,SACRAMENTO,95833,CA,3,2,1522,Residential,225000,38.624762,-121.522775
3025 EL PRADO WAY,SACRAMENTO,95825,CA,4,2,1751,Residential,225000,38.606603,-121.394147
9387 GRANITE FALLS CT,ELK GROVE,95624,CA,3,2,1465,Residential,225000,38.419214,-121.348533
9257 CALDERA WAY,SACRAMENTO,95826,CA,4,2,1605,Residential,228000,38.55821,-121.355022
441 ARLINGDALE CIR,RIO LINDA,95673,CA,4,2,1475,Residential,229665,38.702893,-121.454949
2284 LOS ROBLES RD,MEADOW VISTA,95722,CA,3,1,1216,Residential,230000,39.008159,-121.03623
8164 CHENIN BLANC LN,FAIR OAKS,95628,CA,2,2,1315,Residential,230000,38.665644,-121.259969
4620 CHAMBERLIN CIR,ELK GROVE,95757,CA,3,2,1567,Residential,230000,38.390557,-121.449805
5340 BIRK WAY,SACRAMENTO,95835,CA,3,2,1776,Residential,234000,38.672495,-121.515251
51 ANJOU CIR,SACRAMENTO,95835,CA,3,2,2187,Residential,235000,38.661658,-121.540633
2125 22ND AVE,SACRAMENTO,95822,CA,3,1,1291,Residential,236250,38.534596,-121.493121
611 BLOSSOM ROCK LN,FOLSOM,95630,CA,0,0,0,Condo,240000,38.6457,-121.1197
8830 ADUR RD,ELK GROVE,95624,CA,0,0,0,Residential,242000,38.43742,-121.372876
7344 BUTTERBALL WAY,SACRAMENTO,95842,CA,3,2,1503,Residential,245000,38.699489,-121.361828
8219 GWINHURST CIR,SACRAMENTO,95828,CA,4,3,2491,Residential,245000,38.459711,-121.384283
3240 S ST,SACRAMENTO,95816,CA,2,1,1269,Residential,245000,38.562296,-121.467489
221 PICASSO CIR,SACRAMENTO,95835,CA,0,0,0,Residential,250000,38.676658,-121.528128
5706 GREENACRES WAY,ORANGEVALE,95662,CA,3,2,1176,Residential,250000,38.669882,-121.213533
6900 LONICERA DR,ORANGEVALE,95662,CA,4,2,1456,Residential,250000,38.692199,-121.250975
419 DAWNRIDGE RD,ROSEVILLE,95678,CA,3,2,1498,Residential,250000,38.725283,-121.297953
5312 MARBURY WAY,ANTELOPE,95843,CA,3,2,1574,Residential,255000,38.710221,-121.341651
6344 BONHAM CIR,CITRUS HEIGHTS,95610,CA,5,4,2085,Multi-Family,256054,38.682358,-121.272876
8207 YORKTON WAY,SACRAMENTO,95829,CA,3,2,2170,Residential,257729,38.45967,-121.360461
7922 MANSELL WAY,ELK GROVE,95758,CA,4,2,1595,Residential,260000,38.409634,-121.410787
5712 MELBURY CIR,ANTELOPE,95843,CA,3,2,1567,Residential,261000,38.705849,-121.334701
632 NEWBRIDGE LN,LINCOLN,95648,CA,4,2,0,Residential,261800,38.879084,-121.298586
1570 GLIDDEN AVE,SACRAMENTO,95822,CA,4,2,1253,Residential,264469,38.482704,-121.500433
8108 FILIFERA WAY,ANTELOPE,95843,CA,4,3,1768,Residential,265000,38.717042,-121.35468
230 BANKSIDE WAY,SACRAMENTO,95835,CA,0,0,0,Residential,270000,38.676937,-121.529244
5342 CALABRIA WAY,SACRAMENTO,95835,CA,4,3,2030,Residential,270000,38.671807,-121.498274
47 NAPONEE CT,SACRAMENTO,95835,CA,3,2,1531,Residential,270000,38.665704,-121.529096
4236 ADRIATIC SEA WAY,SACRAMENTO,95834,CA,0,0,0,Residential,270000,38.647961,-121.543162
8864 REMBRANT CT,ELK GROVE,95624,CA,4,3,1653,Residential,275000,38.435288,-121.375703
9455 SEA CLIFF WAY,ELK GROVE,95758,CA,4,2,2056,Residential,275000,38.411522,-121.481406
9720 LITTLE HARBOR WAY,ELK GROVE,95624,CA,4,3,2494,Residential,280000,38.404934,-121.352405
8806 PHOENIX AVE,FAIR OAKS,95628,CA,3,2,1450,Residential,286013,38.660322,-121.230101
3578 LOGGERHEAD WAY,SACRAMENTO,95834,CA,4,2,2169,Residential,292000,38.633028,-121.526755
1416 LOCKHART WAY,ROSEVILLE,95747,CA,3,2,1440,Residential,292000,38.752399,-121.330328
5413 BUENA VENTURA WAY,FAIR OAKS,95628,CA,3,2,1527,Residential,293993,38.664552,-121.255937
37 WHITE BIRCH CT,ROSEVILLE,95678,CA,3,2,1401,Residential,294000,38.776327,-121.284514
405 MARLIN SPIKE WAY,SACRAMENTO,95838,CA,3,2,1411,Residential,296769,38.65783,-121.456842
1102 CHESLEY LN,LINCOLN,95648,CA,4,4,0,Residential,297500,38.864864,-121.313988
11281 STANFORD COURT LN Unit 604,GOLD RIVER,95670,CA,0,0,0,Condo,300000,38.625289,-121.260286
7320 6TH ST,RIO LINDA,95673,CA,3,1,1284,Residential,300000,38.700553,-121.452223
993 MANTON CT,GALT,95632,CA,4,3,2307,Residential,300000,38.272942,-121.289148
4487 PANORAMA DR,PLACERVILLE,95667,CA,3,2,1329,Residential,300000,38.694559,-120.848157
5651 OVERLEAF WAY,SACRAMENTO,95835,CA,4,2,1910,Residential,300500,38.677454,-121.494791
2015 PROMONTORY POINT LN,GOLD RIVER,95670,CA,3,2,1981,Residential,305000,38.628732,-121.261149
3224 PARKHAM DR,ROSEVILLE,95747,CA,0,0,0,Residential,306500,38.772771,-121.364877
15 VANESSA PL,SACRAMENTO,95835,CA,0,0,0,Residential,312500,38.668692,-121.54549
1312 RENISON LN,LINCOLN,95648,CA,5,3,0,Residential,315000,38.866409,-121.308485
8 RIVER RAFT CT,SACRAMENTO,95823,CA,4,2,2205,Residential,319789,38.447353,-121.434969
2251 LAMPLIGHT LN,LINCOLN,95648,CA,2,2,1449,Residential,330000,38.849924,-121.275729
106 FARHAM DR,FOLSOM,95630,CA,3,2,1258,Residential,330000,38.667834,-121.168578
5405 NECTAR CIR,ELK GROVE,95757,CA,3,2,2575,Residential,331000,38.387014,-121.440967
5411 10TH AVE,SACRAMENTO,95820,CA,2,1,539,Residential,334000,38.542727,-121.442449
3512 RAINSONG CIR,RANCHO CORDOVA,95670,CA,4,3,2208,Residential,336000,38.573488,-121.282809
1106 55TH ST,SACRAMENTO,95819,CA,3,1,1108,Residential,339000,38.563805,-121.436395
411 ILLSLEY WAY,FOLSOM,95630,CA,4,2,1595,Residential,339000,38.652002,-121.129504
796 BUTTERCUP CIR,GALT,95632,CA,4,2,2159,Residential,345000,38.279581,-121.300828
1230 SANDRA CIR,PLACERVILLE,95667,CA,4,3,2295,Residential,350000,38.738141,-120.784145
318 ANACAPA DR,ROSEVILLE,95678,CA,3,2,1838,Residential,356000,38.782094,-121.297133
3975 SHINING STAR DR,SACRAMENTO,95823,CA,4,2,1900,Residential,361745,38.487409,-121.461413
1620 BASLER ST,SACRAMENTO,95811,CA,4,2,1718,Residential,361948,38.591822,-121.478644
9688 NATURE TRAIL WAY,ELK GROVE,95757,CA,5,3,3389,Residential,370000,38.405224,-121.479275
5924 TANUS CIR,ROCKLIN,95677,CA,4,2,0,Residential,380000,38.778691,-121.204292
9629 CEDAR OAK WAY,ELK GROVE,95757,CA,5,4,3260,Residential,385000,38.405527,-121.431746
3429 FERNBROOK CT,CAMERON PARK,95682,CA,3,2,2016,Residential,399000,38.664225,-121.007173
2121 HANNAH WAY,ROCKLIN,95765,CA,4,2,2607,Residential,402000,38.805749,-121.280931
10104 ANNIE ST,ELK GROVE,95757,CA,4,3,2724,Residential,406026,38.390465,-121.443479
1092 MAUGHAM CT,GALT,95632,CA,5,4,3746,Residential,420000,38.271646,-121.286848
5404 ALMOND FALLS WAY,RANCHO CORDOVA,95742,CA,0,0,0,Residential,425000,38.527502,-121.233492
6306 CONEJO,RANCHO MURIETA,95683,CA,4,2,3192,Residential,425000,38.512602,-121.087233
14 CASA VATONI PL,SACRAMENTO,95834,CA,0,0,0,Residential,433500,38.650221,-121.551704
1456 EAGLESFIELD LN,LINCOLN,95648,CA,4,3,0,Residential,436746,38.857635,-121.311375
4100 BOTHWELL CIR,EL DORADO HILLS,95762,CA,5,3,0,Residential,438700,38.679136,-121.034329
427 21ST ST,SACRAMENTO,95811,CA,2,1,1247,Residential,445000,38.582604,-121.47576
1044 GALSTON DR,FOLSOM,95630,CA,4,2,2581,Residential,450000,38.676306,-121.09954
4440 SYCAMORE AVE,SACRAMENTO,95841,CA,3,1,2068,Residential,460000,38.646374,-121.353658
1032 SOUZA DR,EL DORADO HILLS,95762,CA,3,2,0,Residential,460000,38.668239,-121.064437
9760 LAZULITE CT,ELK GROVE,95624,CA,4,3,3992,Residential,460000,38.403609,-121.335541
241 LANFRANCO CIR,SACRAMENTO,95835,CA,4,4,3397,Residential,465000,38.665696,-121.549437
5559 NORTHBOROUGH DR,SACRAMENTO,95835,CA,5,3,3881,Residential,471750,38.677225,-121.519687
2125 BIG SKY DR,ROCKLIN,95765,CA,5,3,0,Residential,480000,38.801637,-121.278798
2109 HAMLET PL,CARMICHAEL,95608,CA,2,2,1598,Residential,484000,38.602754,-121.329326
9970 STATE HIGHWAY 193,PLACERVILLE,95667,CA,4,3,1929,Residential,485000,38.787877,-120.816676
2901 PINTAIL WAY,ELK GROVE,95757,CA,4,3,3070,Residential,495000,38.398488,-121.473424
201 FIRESTONE DR,ROSEVILLE,95678,CA,0,0,0,Residential,500500,38.770153,-121.300039
1740 HIGH ST,AUBURN,95603,CA,3,3,0,Residential,504000,38.891935,-121.08434
2733 DANA LOOP,EL DORADO HILLS,95762,CA,0,0,0,Residential,541000,38.628459,-121.055078
9741 SADDLEBRED CT,WILTON,95693,CA,0,0,0,Residential,560000,38.408841,-121.198039
7756 TIGERWOODS DR,SACRAMENTO,95829,CA,5,3,3984,Residential,572500,38.47643,-121.309243
5709 RIVER OAK WAY,CARMICHAEL,95608,CA,4,2,2222,Residential,582000,38.602461,-121.330979
2981 WRINGER DR,ROSEVILLE,95661,CA,4,3,3838,Residential,613401,38.735373,-121.227072
8616 ROCKPORTE CT,ROSEVILLE,95747,CA,4,2,0,Residential,614000,38.742118,-121.359909
4128 HILL ST,FAIR OAKS,95628,CA,5,5,2846,Residential,680000,38.64167,-121.262099
1409 47TH ST,SACRAMENTO,95819,CA,5,2,2484,Residential,699000,38.563244,-121.446876
3935 EL MONTE DR,LOOMIS,95650,CA,4,4,1624,Residential,839000,38.813337,-121.133348
5840 WALERGA RD,SACRAMENTO,95842,CA,2,1,840,Condo,40000,38.673678,-121.357471
923 FULTON AVE,SACRAMENTO,95825,CA,1,1,484,Condo,48000,38.582279,-121.401482
261 REDONDO AVE,SACRAMENTO,95815,CA,3,1,970,Residential,61500,38.620685,-121.460539
4030 BROADWAY,SACRAMENTO,95817,CA,2,1,623,Residential,62050,38.546798,-121.460038
3660 22ND AVE,SACRAMENTO,95820,CA,2,1,932,Residential,65000,38.532718,-121.46747
3924 HIGH ST,SACRAMENTO,95838,CA,2,1,796,Residential,65000,38.638797,-121.435049
4734 14TH AVE,SACRAMENTO,95820,CA,2,1,834,Residential,68000,38.539447,-121.450858
4734 14TH AVE,SACRAMENTO,95820,CA,2,1,834,Residential,68000,38.539447,-121.450858
5050 RHODE ISLAND DR Unit 4,SACRAMENTO,95841,CA,2,1,924,Condo,77000,38.658739,-121.333561
4513 GREENHOLME DR,SACRAMENTO,95842,CA,2,1,795,Condo,82732,38.669104,-121.359008
3845 ELM ST,SACRAMENTO,95838,CA,3,1,1250,Residential,84000,38.637337,-121.432835
3908 17TH AVE,SACRAMENTO,95820,CA,2,1,984,Residential,84675,38.53728,-121.463531
7109 CHANDLER DR,SACRAMENTO,95828,CA,3,1,1013,Residential,85000,38.497237,-121.424187
7541 SKELTON WAY,SACRAMENTO,95822,CA,3,1,1012,Residential,90000,38.484274,-121.488851
9058 MONTOYA ST,SACRAMENTO,95826,CA,2,1,795,Condo,90000,38.559144,-121.368387
1016 CONGRESS AVE,SACRAMENTO,95838,CA,2,2,918,Residential,91000,38.630151,-121.442789
540 MORRISON AVE,SACRAMENTO,95838,CA,3,1,1082,Residential,95000,38.637704,-121.453946
5303 JERRETT WAY,SACRAMENTO,95842,CA,2,1,964,Residential,97500,38.663282,-121.359631
2820 DEL PASO BLVD,SACRAMENTO,95815,CA,4,2,1404,Multi-Family,100000,38.617718,-121.440089
3715 TALLYHO DR Unit 78HIGH,SACRAMENTO,95826,CA,1,1,625,Condo,100000,38.544627,-121.35796
6013 ROWAN WAY,CITRUS HEIGHTS,95621,CA,2,1,888,Residential,101000,38.675893,-121.2963
2987 PONDEROSA LN,SACRAMENTO,95815,CA,4,2,1120,Residential,102750,38.622243,-121.457863
3732 LANKERSHIM WAY,NORTH HIGHLANDS,95660,CA,3,1,1331,Residential,112500,38.68972,-121.378399
2216 DUNLAP DR,SACRAMENTO,95821,CA,3,1,1014,Residential,113000,38.623738,-121.41305
3503 21ST AVE,SACRAMENTO,95820,CA,4,2,1448,Residential,114000,38.53361,-121.469308
523 EXCHANGE ST,SACRAMENTO,95838,CA,3,1,966,Residential,114000,38.659414,-121.45408
8101 PORT ROYALE WAY,SACRAMENTO,95823,CA,2,1,779,Residential,114750,38.463929,-121.438667
8020 WALERGA RD,ANTELOPE,95843,CA,2,2,836,Condo,115000,38.71607,-121.364468
167 VALLEY OAK DR,ROSEVILLE,95678,CA,2,2,1100,Condo,115000,38.732429,-121.288069
7876 BURLINGTON WAY,SACRAMENTO,95832,CA,3,1,1174,Residential,116100,38.470093,-121.468347
3726 JONKO AVE,NORTH HIGHLANDS,95660,CA,3,2,1207,Residential,119250,38.656131,-121.377265
7342 GIGI PL,SACRAMENTO,95828,CA,4,4,1995,Multi-Family,120000,38.490704,-121.410176
2610 PHYLLIS AVE,SACRAMENTO,95820,CA,2,1,804,Residential,120000,38.53105,-121.479574
4200 COMMERCE WAY Unit 711,SACRAMENTO,95834,CA,2,2,958,Condo,120000,38.647523,-121.523217
4621 COUNTRY SCENE WAY,SACRAMENTO,95823,CA,3,2,1366,Residential,120108,38.470187,-121.448149
5380 VILLAGE WOOD DR,SACRAMENTO,95823,CA,2,2,901,Residential,121500,38.454949,-121.440578
2621 EVERGREEN ST,SACRAMENTO,95815,CA,3,1,696,Residential,121725,38.613103,-121.444085
201 CARLO CT,GALT,95632,CA,3,2,1080,Residential,122000,38.24227,-121.31032
6743 21ST ST,SACRAMENTO,95822,CA,3,2,1104,Residential,123000,38.50372,-121.490657
3128 VIA GRANDE,SACRAMENTO,95825,CA,2,1,972,Residential,125000,38.598321,-121.39161
2847 BELGRADE WAY,SACRAMENTO,95833,CA,4,2,1390,Residential,125573,38.617173,-121.482541
7741 MILLDALE CIR,ELVERTA,95626,CA,4,2,1354,Residential,126714,38.705834,-121.43919
9013 CASALS ST,SACRAMENTO,95826,CA,2,1,795,Condo,126960,38.557045,-121.37167
227 MAHAN CT Unit 1,ROSEVILLE,95678,CA,2,1,780,Condo,127000,38.749723,-121.27008
7349 FLETCHER FARM DR,SACRAMENTO,95828,CA,4,2,1587,Residential,127500,38.49069,-121.382619
7226 LARCHMONT DR,NORTH HIGHLANDS,95660,CA,3,2,1209,Residential,130000,38.699269,-121.376334
4114 35TH AVE,SACRAMENTO,95824,CA,2,1,1139,Residential,133105,38.520941,-121.459355
617 M ST,RIO LINDA,95673,CA,2,2,1690,Residential,136500,38.691104,-121.451832
7032 FAIR OAKS BLVD,CARMICHAEL,95608,CA,3,2,1245,Condo,139500,38.628563,-121.328297
2421 SANTINA WAY,ELVERTA,95626,CA,3,2,1416,Residential,140000,38.71865,-121.407763
2368 CRAIG AVE,SACRAMENTO,95832,CA,3,2,1300,Residential,140800,38.47807,-121.48114
2123 AMANDA WAY,SACRAMENTO,95822,CA,3,2,1120,Residential,145000,38.484896,-121.486948
7620 DARLA WAY,SACRAMENTO,95828,CA,4,2,1590,Residential,147000,38.478502,-121.403517
8344 FIELDPOPPY CIR,SACRAMENTO,95828,CA,3,2,1407,Residential,149600,38.479083,-121.400702
3624 20TH AVE,SACRAMENTO,95820,CA,5,2,1516,Residential,150000,38.534508,-121.467907
10001 WOODCREEK OAKS BLVD Unit 1415,ROSEVILLE,95747,CA,2,2,0,Condo,150000,38.795529,-121.328819
2848 PROVO WAY,SACRAMENTO,95822,CA,3,2,1646,Residential,150000,38.489759,-121.474754
6045 EHRHARDT AVE,SACRAMENTO,95823,CA,3,2,1676,Residential,155000,38.457157,-121.433065
1223 LAMBERTON CIR,SACRAMENTO,95838,CA,3,2,1370,Residential,155435,38.646677,-121.437573
1223 LAMBERTON CIR,SACRAMENTO,95838,CA,3,2,1370,Residential,155500,38.646677,-121.437573
6000 BIRCHGLADE WAY,CITRUS HEIGHTS,95621,CA,4,2,1351,Residential,158000,38.70166,-121.323249
7204 THOMAS DR,NORTH HIGHLANDS,95660,CA,3,2,1152,Residential,158000,38.697898,-121.377687
8363 LANGTREE WAY,SACRAMENTO,95823,CA,3,2,1452,Residential,160000,38.45356,-121.435959
1675 VERNON ST Unit 8,ROSEVILLE,95678,CA,2,1,990,Residential,160000,38.734136,-121.299639
6632 IBEX WOODS CT,CITRUS HEIGHTS,95621,CA,2,2,1162,Residential,164000,38.720868,-121.309855
117 EVCAR WAY,RIO LINDA,95673,CA,3,2,1182,Residential,164000,38.687659,-121.4633
6485 LAGUNA MIRAGE LN,ELK GROVE,95758,CA,2,2,1112,Residential,165000,38.42465,-121.430137
746 MOOSE CREEK WAY,GALT,95632,CA,3,2,1100,Residential,167000,38.283085,-121.302071
8306 CURLEW CT,CITRUS HEIGHTS,95621,CA,4,2,1280,Residential,167293,38.715781,-121.298519
8306 CURLEW CT,CITRUS HEIGHTS,95621,CA,4,2,1280,Residential,167293,38.715781,-121.298519
5217 ARGO WAY,SACRAMENTO,95820,CA,3,1,1039,Residential,168000,38.52774,-121.433669
7108 HEATHER TREE DR,SACRAMENTO,95842,CA,3,2,1159,Residential,170000,38.695677,-121.36022
2956 DAVENPORT WAY,SACRAMENTO,95833,CA,4,2,1917,Residential,170000,38.620687,-121.482619
10062 LINCOLN VILLAGE DR,SACRAMENTO,95827,CA,3,2,1520,Residential,170000,38.564,-121.320023
332 PALIN AVE,GALT,95632,CA,3,2,1204,Residential,174000,38.260467,-121.302636
4649 FREEWAY CIR,SACRAMENTO,95841,CA,3,2,1120,Residential,178000,38.658734,-121.357196
8593 DERLIN WAY,SACRAMENTO,95823,CA,3,2,1436,Residential,180000,38.447585,-121.426627
9273 PREMIER WAY,SACRAMENTO,95826,CA,3,2,1451,Residential,180000,38.55992,-121.352539
8032 DUSENBERG CT,SACRAMENTO,95828,CA,4,2,1638,Residential,180000,38.466499,-121.381119
7110 STELLA LN Unit 15,CARMICHAEL,95608,CA,2,2,1000,Condo,182000,38.637396,-121.300055
1786 PIEDMONT WAY,ROSEVILLE,95661,CA,3,1,1152,Residential,188325,38.72748,-121.256537
1347 HIDALGO CIR,ROSEVILLE,95747,CA,3,2,1154,Residential,191500,38.747878,-121.311279
212 CAPPUCINO WAY,SACRAMENTO,95838,CA,3,2,1353,Residential,192000,38.657811,-121.465327
5938 WOODBRIAR WAY,CITRUS HEIGHTS,95621,CA,3,2,1329,Residential,192700,38.706152,-121.325399
3801 WILDROSE WAY,SACRAMENTO,95826,CA,3,1,1356,Residential,195000,38.544368,-121.369979
508 SAMUEL WAY,SACRAMENTO,95838,CA,3,2,1505,Residential,197654,38.645689,-121.452766
6128 CARL SANDBURG CIR,SACRAMENTO,95842,CA,3,1,1009,Residential,198000,38.681541,-121.355616
1 KENNELFORD CIR,SACRAMENTO,95823,CA,3,2,1144,Residential,200345,38.46452,-121.427606
909 SINGINGWOOD RD,SACRAMENTO,95864,CA,2,1,930,Residential,203000,38.581471,-121.38839
6671 FOXWOOD CT,SACRAMENTO,95841,CA,4,2,1766,Residential,207000,38.687943,-121.328883
8165 AYN RAND CT,SACRAMENTO,95828,CA,4,3,1940,Residential,208000,38.468639,-121.403265
9474 VILLAGE TREE DR,ELK GROVE,95758,CA,4,2,1776,Residential,210000,38.413947,-121.408276
7213 CALVIN DR,CITRUS HEIGHTS,95621,CA,3,1,1258,Residential,212000,38.698154,-121.298375
8167 DERBY PARK CT,SACRAMENTO,95828,CA,4,2,1872,Residential,213675,38.460492,-121.373379
6344 LAGUNA MIRAGE LN,ELK GROVE,95758,CA,2,2,1112,Residential,213697,38.423963,-121.428875
2945 RED HAWK WAY,SACRAMENTO,95833,CA,4,2,1856,Residential,215000,38.619675,-121.496903
3228 I ST,SACRAMENTO,95816,CA,4,3,1939,Residential,215000,38.573844,-121.462839
308 ATKINSON ST,ROSEVILLE,95678,CA,3,1,998,Residential,215100,38.746794,-121.29971
624 HOVEY WAY,ROSEVILLE,95678,CA,3,2,1758,Residential,217500,38.756149,-121.306479
110 COPPER LEAF WAY,SACRAMENTO,95838,CA,3,2,2142,Residential,218000,38.658466,-121.460661
7535 ALMA VISTA WAY,SACRAMENTO,95831,CA,2,1,950,Residential,220000,38.48403,-121.507641
7423 WILSALL CT,ELK GROVE,95758,CA,4,3,1739,Residential,221000,38.417026,-121.416821
8629 VIA ALTA WAY,ELK GROVE,95624,CA,3,2,1516,Residential,222900,38.398245,-121.380615
3318 DAVIDSON DR,ANTELOPE,95843,CA,3,1,988,Residential,223139,38.705753,-121.388917
913 COBDEN CT,GALT,95632,CA,4,2,1555,Residential,225500,38.282001,-121.295902
4419 79TH ST,SACRAMENTO,95820,CA,3,2,1212,Residential,228327,38.534827,-121.412545
3012 SPOONWOOD WAY,SACRAMENTO,95833,CA,4,2,1871,Residential,230000,38.62478,-121.523474
8728 CRYSTAL RIVER WAY,SACRAMENTO,95828,CA,3,2,1302,Residential,230000,38.47547,-121.380055
4709 AMBER LN Unit 1,SACRAMENTO,95841,CA,2,1,756,Condo,230522,38.657789,-121.354994
4508 OLD DAIRY DR,ANTELOPE,95843,CA,4,3,2026,Residential,231200,38.72286,-121.358939
312 RIVER ISLE WAY,SACRAMENTO,95831,CA,3,2,1375,Residential,232000,38.49026,-121.550527
301 OLIVADI WAY,SACRAMENTO,95834,CA,2,2,1250,Condo,232500,38.644406,-121.549049
5636 25TH ST,SACRAMENTO,95822,CA,3,1,1058,Residential,233641,38.523828,-121.481139
8721 SPRUCE RIDGE WAY,ANTELOPE,95843,CA,3,2,1187,Residential,234000,38.727657,-121.391028
7461 WINDBRIDGE DR,SACRAMENTO,95831,CA,2,2,1324,Residential,234500,38.48797,-121.530229
8101 LEMON COVE CT,SACRAMENTO,95828,CA,4,3,1936,Residential,235000,38.462981,-121.408288
10949 SCOTSMAN WAY,RANCHO CORDOVA,95670,CA,5,4,2382,Multi-Family,236000,38.603686,-121.277844
617 WILLOW CREEK DR,FOLSOM,95630,CA,3,2,1427,Residential,236073,38.679626,-121.142609
3301 PARK DR Unit 1914,SACRAMENTO,95835,CA,3,2,1678,Condo,238000,38.665296,-121.531993
709 CIMMARON CT,GALT,95632,CA,4,2,1798,Residential,238861,38.277177,-121.303747
3305 RIO ROCA CT,ANTELOPE,95843,CA,4,3,2652,Residential,239700,38.725079,-121.387698
9080 BEDROCK CT,SACRAMENTO,95829,CA,4,2,1816,Residential,240000,38.456939,-121.362965
100 TOURMALINE CIR,SACRAMENTO,95834,CA,5,3,3076,Residential,240000,38.63437,-121.510779
6411 RED BIRCH WAY,ELK GROVE,95758,CA,4,2,1844,Residential,241000,38.43461,-121.429316
4867 LAGUNA DR,SACRAMENTO,95823,CA,3,2,1306,Residential,245000,38.46179,-121.445371
3662 RIVER DR,SACRAMENTO,95833,CA,4,3,2447,Residential,246000,38.604969,-121.54255
6943 WOLFGRAM WAY,SACRAMENTO,95828,CA,4,2,1176,Residential,247234,38.489215,-121.419546
77 RINETTI WAY,RIO LINDA,95673,CA,4,2,1182,Residential,247480,38.687021,-121.463151
1316 I ST,RIO LINDA,95673,CA,3,1,1160,Residential,249862,38.683674,-121.435204
2130 CATHERWOOD WAY,SACRAMENTO,95835,CA,3,2,1424,Residential,251000,38.675506,-121.510987
8304 JUGLANS DR,ORANGEVALE,95662,CA,4,2,1574,Residential,252155,38.691829,-121.249033
5308 MARBURY WAY,ANTELOPE,95843,CA,3,2,1830,Residential,254172,38.710221,-121.341707
9182 LAKEMONT DR,ELK GROVE,95624,CA,4,2,1724,Residential,258000,38.451353,-121.358776
2231 COUNTRY VILLA CT,AUBURN,95603,CA,2,2,1255,Condo,260000,38.931671,-121.097862
8491 CRYSTAL WALK CIR,ELK GROVE,95758,CA,0,0,0,Residential,261000,38.416916,-121.407554
361 MAHONIA CIR,SACRAMENTO,95835,CA,4,3,2175,Residential,261000,38.676172,-121.509761
3427 LA CADENA WAY,SACRAMENTO,95835,CA,4,2,1904,Residential,261000,38.681194,-121.537351
955 BIG SUR CT,EL DORADO HILLS,95762,CA,4,2,1808,Residential,262500,38.664347,-121.076529
11826 DIONYSUS WAY,RANCHO CORDOVA,95742,CA,4,2,2711,Residential,266000,38.551046,-121.239411
5847 DEL CAMPO LN,CARMICHAEL,95608,CA,3,1,1713,Residential,266000,38.671995,-121.324339
5635 FOXVIEW WAY,ELK GROVE,95757,CA,3,2,1457,Residential,270000,38.395256,-121.438249
10372 VIA CINTA CT,ELK GROVE,95757,CA,4,3,2724,Residential,274425,38.380089,-121.428186
6286 LONETREE BLVD,ROCKLIN,95765,CA,0,0,0,Residential,274500,38.805036,-121.293608
7744 SOUTHBREEZE DR,SACRAMENTO,95828,CA,3,2,1468,Residential,275336,38.476932,-121.378349
2242 ABLE WAY,SACRAMENTO,95835,CA,4,3,2550,Residential,277980,38.666074,-121.509743
1042 STARBROOK DR,GALT,95632,CA,4,2,1928,Residential,280000,38.285611,-121.293063
1219 G ST,SACRAMENTO,95814,CA,3,3,1922,Residential,284686,38.582818,-121.489096
6220 OPUS CT,CITRUS HEIGHTS,95621,CA,3,2,1343,Residential,284893,38.715853,-121.317095
5419 HAVENHURST CIR,ROCKLIN,95677,CA,3,2,1510,Residential,285000,38.786746,-121.209957
220 OLD AIRPORT RD,AUBURN,95603,CA,2,2,960,Multi-Family,285000,38.939802,-121.054575
4622 MEYER WAY,CARMICHAEL,95608,CA,4,2,1559,Residential,285000,38.64913,-121.310667
4885 SUMMIT VIEW DR,EL DORADO,95623,CA,3,2,1624,Residential,289000,38.673285,-120.879176
26 JEANROSS CT,SACRAMENTO,95832,CA,5,3,2992,Residential,295000,38.473162,-121.491085
4800 MAPLEPLAIN AVE,ELK GROVE,95758,CA,4,2,2109,Residential,296000,38.432848,-121.449237
10629 BASIE WAY,RANCHO CORDOVA,95670,CA,4,2,1524,Residential,296056,38.579,-121.292627
8612 WILLOW GROVE WAY,SACRAMENTO,95828,CA,3,2,1248,Residential,297359,38.464994,-121.386962
62 DE FER CIR,SACRAMENTO,95823,CA,4,2,1876,Residential,299940,38.49254,-121.463316
2513 OLD KENMARE RD,LINCOLN,95648,CA,5,3,0,Residential,304000,38.847396,-121.259586
3253 ABOTO WAY,RANCHO CORDOVA,95670,CA,4,3,1851,Residential,305000,38.57727,-121.285591
3072 VILLAGE PLAZA DR,ROSEVILLE,95747,CA,0,0,0,Residential,307000,38.773094,-121.365905
251 CHANGO CIR,SACRAMENTO,95835,CA,4,2,2218,Residential,311328,38.68237,-121.539147
8205 WEYBURN CT,SACRAMENTO,95828,CA,3,2,1394,Residential,313138,38.47316,-121.403893
8788 LA MARGARITA WAY,SACRAMENTO,95828,CA,3,2,1410,Residential,316630,38.468185,-121.375694
5912 DEEPDALE WAY,ELK GROVE,95758,CA,5,3,3468,Residential,320000,38.439565,-121.436606
4712 PISMO BEACH DR,ANTELOPE,95843,CA,5,3,2346,Residential,320000,38.707705,-121.354153
4741 PACIFIC PARK DR,ANTELOPE,95843,CA,5,3,2347,Residential,325000,38.709299,-121.353056
310 GROTH CIR,SACRAMENTO,95834,CA,4,2,1659,Residential,328578,38.638764,-121.531827
6121 WILD FOX CT,ELK GROVE,95757,CA,3,3,2442,Residential,331000,38.406758,-121.431669
12241 CANYONLANDS DR,RANCHO CORDOVA,95742,CA,0,0,0,Residential,331500,38.557293,-121.217611
29 COOL FOUNTAIN CT,SACRAMENTO,95833,CA,4,2,2155,Residential,340000,38.606906,-121.54132
907 RIO ROBLES AVE,SACRAMENTO,95838,CA,0,0,0,Residential,344755,38.664765,-121.445006
8909 BILLFISH WAY,SACRAMENTO,95828,CA,3,2,1810,Residential,345746,38.475433,-121.372584
6232 GUS WAY,ELK GROVE,95757,CA,4,2,2789,Residential,351000,38.388129,-121.43117
200 OAKWILDE ST,GALT,95632,CA,4,2,1606,Residential,353767,38.2535,-121.31812
1033 PARK STREAM DR,GALT,95632,CA,0,0,0,Residential,355000,38.287785,-121.289903
200 ALLAIRE CIR,SACRAMENTO,95835,CA,4,2,2166,Residential,356035,38.68318,-121.53484
1322 SUTTER WALK,SACRAMENTO,95816,CA,0,0,0,Condo,360000,38.53805,-121.5047
5479 NICKMAN WAY,SACRAMENTO,95835,CA,4,2,1871,Residential,360552,38.672966,-121.502748
2103 BURBERRY WAY,SACRAMENTO,95835,CA,3,2,1800,Residential,362305,38.67342,-121.508542
2450 SAN JOSE WAY,SACRAMENTO,95817,CA,3,1,1683,Residential,365000,38.553596,-121.459483
7641 ROSEHALL DR,ROSEVILLE,95678,CA,3,2,0,Residential,367554,38.791617,-121.286147
1336 LAYSAN TEAL DR,ROSEVILLE,95747,CA,0,0,0,Residential,368500,38.796121,-121.319963
2802 BLACK OAK DR,ROCKLIN,95765,CA,2,2,1596,Residential,370000,38.837006,-121.232024
2113 FALL TRAIL CT,PLACERVILLE,95667,CA,4,2,0,Residential,371086,38.733155,-120.748039
10112 LAMBEAU CT,ELK GROVE,95757,CA,3,2,1179,Residential,378000,38.390328,-121.448022
6313 CASTRO VERDE WAY,ELK GROVE,95757,CA,0,0,0,Residential,383000,38.381102,-121.42901
3622 CURTIS DR,SACRAMENTO,95818,CA,3,1,1639,Residential,388000,38.541735,-121.480098
11817 OPAL RIDGE WAY,RANCHO CORDOVA,95742,CA,5,3,3281,Residential,395100,38.551083,-121.237476
170 LAGOMARSINO WAY,SACRAMENTO,95819,CA,3,2,1697,Residential,400000,38.574894,-121.435806
2743 DEAKIN PL,EL DORADO HILLS,95762,CA,3,2,0,Residential,400000,38.69288,-121.073551
3361 ALDER CANYON WAY,ANTELOPE,95843,CA,4,3,2085,Residential,408431,38.727649,-121.385656
2148 RANCH VIEW DR,ROCKLIN,95765,CA,0,0,0,Residential,413000,38.837455,-121.289337
398 LINDLEY DR,SACRAMENTO,95815,CA,4,2,1744,Multi-Family,416767,38.622359,-121.457582
3013 BRIDLEWOOD DR,EL DORADO HILLS,95762,CA,4,3,0,Residential,420000,38.675519,-121.015862
169 BAURER CIR,FOLSOM,95630,CA,4,3,1939,Residential,423000,38.66695,-121.120729
2809 LOON CT,CAMERON PARK,95682,CA,4,2,0,Residential,423000,38.687072,-121.004729
1315 KONDOS AVE,SACRAMENTO,95814,CA,2,3,1788,Residential,427500,38.571943,-121.492106
4966 CHARTER RD,ROCKLIN,95765,CA,3,2,1691,Residential,430922,38.82553,-121.254698
9516 LAGUNA LAKE WAY,ELK GROVE,95758,CA,4,2,2002,Residential,445000,38.411258,-121.431348
5201 BLOSSOM RANCH DR,ELK GROVE,95757,CA,4,4,4303,Residential,450000,38.399436,-121.444041
3027 PALMATE WAY,SACRAMENTO,95834,CA,5,3,4246,Residential,452000,38.628955,-121.529269
500 WINCHESTER CT,ROSEVILLE,95661,CA,3,2,2274,Residential,470000,38.73988,-121.248929
5746 GELSTON WAY,EL DORADO HILLS,95762,CA,4,3,0,Residential,471000,38.677015,-121.034083
6935 ELM TREE LN,ORANGEVALE,95662,CA,4,4,3056,Residential,475000,38.693041,-121.23294
9605 GOLF COURSE LN,ELK GROVE,95758,CA,3,3,2503,Residential,484500,38.409689,-121.446059
719 BAYWOOD CT,EL DORADO HILLS,95762,CA,5,3,0,Residential,487500,38.647598,-121.077801
5954 TANUS CIR,ROCKLIN,95677,CA,3,3,0,Residential,488750,38.777585,-121.2036
100 CHELSEA CT,FOLSOM,95630,CA,3,2,1905,Residential,500000,38.69435,-121.177259
1500 ORANGE HILL LN,PENRYN,95663,CA,3,2,1320,Residential,506688,38.862708,-121.162092
408 KIRKWOOD CT,LINCOLN,95648,CA,2,2,0,Residential,512000,38.861615,-121.26869
1732 TUSCAN GROVE CIR,ROSEVILLE,95747,CA,5,3,0,Residential,520000,38.796683,-121.342555
2049 EMPIRE MINE CIR,GOLD RIVER,95670,CA,4,2,3037,Residential,528000,38.629299,-121.249021
9360 MAGOS RD,WILTON,95693,CA,5,2,3741,Residential,579093,38.416809,-121.240628
104 CATLIN CT,FOLSOM,95630,CA,4,3,2660,Residential,636000,38.684459,-121.145935
4734 GIBBONS DR,CARMICHAEL,95608,CA,4,3,3357,Residential,668365,38.63558,-121.353639
4629 DORCHESTER LN,GRANITE BAY,95746,CA,5,3,2896,Residential,676200,38.723545,-121.216025
2400 COUNTRYSIDE DR,PLACERVILLE,95667,CA,3,2,2025,Residential,677048,38.737452,-120.910963
12901 FURLONG DR,WILTON,95693,CA,5,3,3788,Residential,691659,38.413535,-121.188211
6222 CALLE MONTALVO CIR,GRANITE BAY,95746,CA,5,3,3670,Residential,760000,38.779435,-121.146676
20 CRYSTALWOOD CIR,LINCOLN,95648,CA,0,0,0,Residential,4897,38.885327,-121.289412
24 CRYSTALWOOD CIR,LINCOLN,95648,CA,0,0,0,Residential,4897,38.885132,-121.289405
28 CRYSTALWOOD CIR,LINCOLN,95648,CA,0,0,0,Residential,4897,38.884936,-121.289397
32 CRYSTALWOOD CIR,LINCOLN,95648,CA,0,0,0,Residential,4897,38.884741,-121.28939
36 CRYSTALWOOD CIR,LINCOLN,95648,CA,0,0,0,Residential,4897,38.884599,-121.289406
40 CRYSTALWOOD CIR,LINCOLN,95648,CA,0,0,0,Residential,4897,38.884535,-121.289619
44 CRYSTALWOOD CIR,LINCOLN,95648,CA,0,0,0,Residential,4897,38.88459,-121.289835
48 CRYSTALWOOD CIR,LINCOLN,95648,CA,0,0,0,Residential,4897,38.884667,-121.289896
52 CRYSTALWOOD CIR,LINCOLN,95648,CA,0,0,0,Residential,4897,38.88478,-121.289911
68 CRYSTALWOOD CIR,LINCOLN,95648,CA,0,0,0,Residential,4897,38.885236,-121.289928
72 CRYSTALWOOD CIR,LINCOLN,95648,CA,0,0,0,Residential,4897,38.88535,-121.289926
76 CRYSTALWOOD CIR,LINCOLN,95648,CA,0,0,0,Residential,4897,38.885464,-121.289922
80 CRYSTALWOOD CIR,LINCOLN,95648,CA,0,0,0,Residential,4897,38.885578,-121.289919
84 CRYSTALWOOD CIR,LINCOLN,95648,CA,0,0,0,Residential,4897,38.885692,-121.289915
88 CRYSTALWOOD CIR,LINCOLN,95648,CA,0,0,0,Residential,4897,38.885806,-121.289911
92 CRYSTALWOOD CIR,LINCOLN,95648,CA,0,0,0,Residential,4897,38.88592,-121.289908
96 CRYSTALWOOD CIR,LINCOLN,95648,CA,0,0,0,Residential,4897,38.886024,-121.289859
100 CRYSTALWOOD CIR,LINCOLN,95648,CA,0,0,0,Residential,4897,38.886091,-121.289744
434 1ST ST,LINCOLN,95648,CA,0,0,0,Residential,4897,38.88653,-121.289406
3 E ST,LINCOLN,95648,CA,0,0,0,Residential,4897,38.884692,-121.290288
11 E ST,LINCOLN,95648,CA,0,0,0,Residential,4897,38.884879,-121.290257
19 E ST,LINCOLN,95648,CA,0,0,0,Residential,4897,38.885017,-121.290262
27 E ST,LINCOLN,95648,CA,0,0,0,Residential,4897,38.885173,-121.29027
35 E ST,LINCOLN,95648,CA,0,0,0,Residential,4897,38.885328,-121.290275
43 E ST,LINCOLN,95648,CA,0,0,0,Residential,4897,38.885483,-121.290277
51 E ST,LINCOLN,95648,CA,4,2,0,Residential,4897,38.885638,-121.290279
59 E ST,LINCOLN,95648,CA,3,2,0,Residential,4897,38.885794,-121.290281
75 E ST,LINCOLN,95648,CA,3,2,0,Residential,4897,38.886104,-121.290285
63 CRYSTALWOOD CIR,LINCOLN,95648,CA,0,0,0,Residential,4897,38.885093,-121.289932
398 1ST ST,LINCOLN,95648,CA,0,0,0,Residential,4897,38.88653,-121.288952
386 1ST ST,LINCOLN,95648,CA,0,0,0,Residential,4897,38.886528,-121.288869
374 1ST ST,LINCOLN,95648,CA,0,0,0,Residential,4897,38.886525,-121.288787
116 CRYSTALWOOD WAY,LINCOLN,95648,CA,0,0,0,Residential,4897,38.886282,-121.289586
108 CRYSTALWOOD WAY,LINCOLN,95648,CA,0,0,0,Residential,4897,38.886282,-121.289646
100 CRYSTALWOOD WAY,LINCOLN,95648,CA,0,0,0,Residential,4897,38.886282,-121.289706
55 CRYSTALWOOD CIR,LINCOLN,95648,CA,0,0,0,Residential,4897,38.884865,-121.289922
51 CRYSTALWOOD CIR,LINCOLN,95648,CA,0,0,0,Residential,4897,38.884752,-121.289907
47 CRYSTALWOOD CIR,LINCOLN,95648,CA,0,0,0,Residential,4897,38.884638,-121.289893
43 CRYSTALWOOD CIR,LINCOLN,95648,CA,0,0,0,Residential,4897,38.884568,-121.289784
39 CRYSTALWOOD CIR,LINCOLN,95648,CA,0,0,0,Residential,4897,38.884546,-121.289562
35 CRYSTALWOOD CIR,LINCOLN,95648,CA,0,0,0,Residential,4897,38.884645,-121.289397
31 CRYSTALWOOD CIR,LINCOLN,95648,CA,0,0,0,Residential,4897,38.88479,-121.289392
27 CRYSTALWOOD CIR,LINCOLN,95648,CA,0,0,0,Residential,4897,38.884985,-121.289399
23 CRYSTALWOOD CIR,LINCOLN,95648,CA,0,0,0,Residential,4897,38.885181,-121.289406
19 CRYSTALWOOD CIR,LINCOLN,95648,CA,0,0,0,Residential,4897,38.885376,-121.289414
15 CRYSTALWOOD CIR,LINCOLN,95648,CA,0,0,0,Residential,4897,38.885571,-121.289421
7 CRYSTALWOOD CIR,LINCOLN,95648,CA,0,0,0,Residential,4897,38.885962,-121.289436
7 CRYSTALWOOD CIR,LINCOLN,95648,CA,0,0,0,Residential,4897,38.885962,-121.289436
3 CRYSTALWOOD CIR,LINCOLN,95648,CA,0,0,0,Residential,4897,38.886093,-121.289584
8208 WOODYARD WAY,CITRUS HEIGHTS,95621,CA,3,2,1166,Residential,30000,38.715322,-121.314787
113 RINETTI WAY,RIO LINDA,95673,CA,0,0,0,Residential,30000,38.687172,-121.463933
15 LOORZ CT,SACRAMENTO,95823,CA,2,1,838,Residential,55422,38.471646,-121.435158
5805 DOTMAR WAY,NORTH HIGHLANDS,95660,CA,2,1,904,Residential,63000,38.672642,-121.380343
2332 CAMBRIDGE ST,SACRAMENTO,95815,CA,2,1,1032,Residential,65000,38.608085,-121.449651
3812 BELDEN ST,SACRAMENTO,95838,CA,2,1,904,Residential,65000,38.636833,-121.44164
3348 40TH ST,SACRAMENTO,95817,CA,2,1,1080,Residential,65000,38.544162,-121.460652
127 QUASAR CIR,SACRAMENTO,95822,CA,2,2,990,Residential,66500,38.493504,-121.475304
3812 CYPRESS ST,SACRAMENTO,95838,CA,2,1,900,Residential,71000,38.636877,-121.444948
5821 64TH ST,SACRAMENTO,95824,CA,2,1,861,Residential,75000,38.521202,-121.428146
8248 CENTER PKWY,SACRAMENTO,95823,CA,2,1,906,Condo,77000,38.459002,-121.428794
1171 SONOMA AVE,SACRAMENTO,95815,CA,2,1,1011,Residential,85000,38.6238,-121.439872
4250 ARDWELL WAY,SACRAMENTO,95823,CA,3,2,1089,Residential,95625,38.466938,-121.455631
3104 CLAY ST,SACRAMENTO,95815,CA,2,1,832,Residential,96140,38.62391,-121.439208
6063 LAND PARK DR,SACRAMENTO,95822,CA,2,1,800,Condo,104250,38.517029,-121.513809
4738 OAKHOLLOW DR,SACRAMENTO,95842,CA,4,2,1292,Residential,105000,38.679598,-121.356035
1401 STERLING ST,SACRAMENTO,95822,CA,2,1,810,Residential,108000,38.520319,-121.504727
3715 DIDCOT CIR,SACRAMENTO,95838,CA,4,2,1064,Residential,109000,38.635232,-121.460098
2426 RASHAWN DR,RANCHO CORDOVA,95670,CA,2,1,911,Residential,115000,38.610852,-121.273278
4800 WESTLAKE PKWY Unit 410,SACRAMENTO,95835,CA,1,1,846,Condo,115000,38.658812,-121.542345
3409 VIRGO ST,SACRAMENTO,95827,CA,3,2,1320,Residential,115500,38.563402,-121.327747
1110 PINEDALE AVE,SACRAMENTO,95838,CA,3,2,1410,Residential,115620,38.660173,-121.440216
2361 LA LOMA DR,RANCHO CORDOVA,95670,CA,3,2,1115,Residential,116000,38.59368,-121.316054
1455 64TH AVE,SACRAMENTO,95822,CA,3,2,1169,Residential,122000,38.492177,-121.503392
7328 SPRINGMAN ST,SACRAMENTO,95822,CA,3,2,1164,Residential,122500,38.491991,-121.477636
119 SAINT MARIE CIR,SACRAMENTO,95823,CA,4,2,1341,Residential,123000,38.481454,-121.446644
12 COSTA BRASE CT,SACRAMENTO,95838,CA,3,2,1219,Residential,124000,38.655554,-121.464275
6813 SCOTER WAY,SACRAMENTO,95842,CA,4,2,1127,Residential,124000,38.69043,-121.361035
6548 GRAYLOCK LN,NORTH HIGHLANDS,95660,CA,3,2,1272,Residential,124413,38.686061,-121.369949
1630 GLIDDEN AVE,SACRAMENTO,95822,CA,4,2,1253,Residential,125000,38.482717,-121.499683
7825 DALEWOODS WAY,SACRAMENTO,95828,CA,3,2,1120,Residential,130000,38.477297,-121.411513
4073 TRESLER AVE,NORTH HIGHLANDS,95660,CA,2,2,1118,Residential,131750,38.659016,-121.370457
4288 DYMIC WAY,SACRAMENTO,95838,CA,4,3,1890,Residential,137721,38.646541,-121.441139
1158 SAN IGNACIO WAY,SACRAMENTO,95833,CA,3,2,1260,Residential,137760,38.623045,-121.486279
4904 J PKWY,SACRAMENTO,95823,CA,3,2,1400,Residential,138000,38.487297,-121.44295
2931 HOWE AVE,SACRAMENTO,95821,CA,3,1,1264,Residential,140000,38.619012,-121.415329
5531 JANSEN DR,SACRAMENTO,95824,CA,3,1,1060,Residential,145000,38.522015,-121.438713
7836 ORCHARD WOODS CIR,SACRAMENTO,95828,CA,2,2,1132,Residential,145000,38.47955,-121.410867
4055 DEERBROOK DR,SACRAMENTO,95823,CA,3,2,1466,Residential,150000,38.472117,-121.459589
9937 BURLINE ST,SACRAMENTO,95827,CA,3,2,1092,Residential,150000,38.559641,-121.32316
6948 MIRADOR WAY,SACRAMENTO,95828,CA,4,2,1628,Residential,151000,38.493484,-121.42035
4909 RUGER CT,SACRAMENTO,95842,CA,3,2,960,Residential,155000,38.68747,-121.349234
7204 KERSTEN ST,CITRUS HEIGHTS,95621,CA,3,2,1075,Residential,155800,38.695863,-121.300814
3150 ROSEMONT DR,SACRAMENTO,95826,CA,3,2,1428,Residential,156142,38.554927,-121.35521
8200 STEINBECK WAY,SACRAMENTO,95828,CA,4,2,1358,Residential,158000,38.474854,-121.404726
8198 STEVENSON AVE,SACRAMENTO,95828,CA,6,4,2475,Multi-Family,159900,38.465271,-121.40426
6824 OLIVE TREE WAY,CITRUS HEIGHTS,95610,CA,3,2,1410,Residential,160000,38.689239,-121.267737
3536 SUN MAIDEN WAY,ANTELOPE,95843,CA,3,2,1711,Residential,161500,38.70968,-121.382328
4517 OLYMPIAD WAY,SACRAMENTO,95826,CA,4,2,1483,Residential,161600,38.536751,-121.359154
925 COBDEN CT,GALT,95632,CA,3,2,1140,Residential,162000,38.282047,-121.295812
8225 SCOTTSDALE DR,SACRAMENTO,95828,CA,4,2,1549,Residential,165000,38.487864,-121.402476
8758 LEMAS RD,SACRAMENTO,95828,CA,3,2,1410,Residential,165000,38.467487,-121.377055
6121 ALPINESPRING WAY,ELK GROVE,95758,CA,3,2,1240,Residential,167293,38.434075,-121.432623
5937 YORK GLEN WAY,SACRAMENTO,95842,CA,5,2,1712,Residential,168000,38.677003,-121.354454
6417 SUNNYFIELD WAY,SACRAMENTO,95823,CA,4,2,1580,Residential,168000,38.449153,-121.428272
4008 GREY LIVERY WAY,ANTELOPE,95843,CA,3,2,1669,Residential,168750,38.71846,-121.370862
8920 ROSETTA CIR,SACRAMENTO,95826,CA,3,1,1029,Residential,168750,38.544374,-121.370874
8300 LICHEN DR,CITRUS HEIGHTS,95621,CA,3,1,1103,Residential,170000,38.71641,-121.306239
8884 AMBERJACK WAY,SACRAMENTO,95828,CA,3,2,2161,Residential,170250,38.479343,-121.372553
4480 VALLEY HI DR,SACRAMENTO,95823,CA,3,2,1650,Residential,173000,38.466781,-121.450955
2250 FOREBAY RD,POLLOCK PINES,95726,CA,3,1,1320,Residential,175000,38.77491,-120.597599
3529 FABERGE WAY,SACRAMENTO,95826,CA,3,2,1200,Residential,176095,38.553275,-121.346218
1792 DAWNELLE WAY,SACRAMENTO,95835,CA,3,2,1170,Residential,176250,38.68271,-121.501697
7800 TABARE CT,CITRUS HEIGHTS,95621,CA,3,2,1199,Residential,178000,38.70799,-121.302979
8531 HERMITAGE WAY,SACRAMENTO,95823,CA,4,2,1695,Residential,179000,38.448452,-121.428536
2421 BERRYWOOD DR,RANCHO CORDOVA,95670,CA,3,2,1157,Residential,180000,38.60868,-121.27849
1005 MORENO WAY,SACRAMENTO,95838,CA,3,2,1410,Residential,180000,38.646206,-121.442767
1675 VERNON ST Unit 24,ROSEVILLE,95678,CA,3,2,1174,Residential,180000,38.734136,-121.299639
24 WINDCHIME CT,SACRAMENTO,95823,CA,3,2,1593,Residential,181000,38.44617,-121.427824
540 HARLING CT,RIO LINDA,95673,CA,3,2,1093,Residential,182000,38.68279,-121.453509
1207 CRESCENDO DR,ROSEVILLE,95678,CA,3,2,1770,Residential,182587,38.72446,-121.292829
7577 EDDYLEE WAY,SACRAMENTO,95822,CA,4,2,1436,Residential,185074,38.48291,-121.491509
8369 FOPPIANO WAY,SACRAMENTO,95829,CA,3,2,1124,Residential,185833,38.453839,-121.357919
8817 SAWTELLE WAY,SACRAMENTO,95826,CA,4,2,1139,Residential,186785,38.565322,-121.374251
1910 BONAVISTA WAY,SACRAMENTO,95832,CA,3,2,1638,Residential,187000,38.476048,-121.494961
8 TIDE CT,SACRAMENTO,95833,CA,3,2,1328,Residential,188335,38.609864,-121.492304
8952 ROCKY CREEK CT,ELK GROVE,95758,CA,3,2,1273,Residential,190000,38.431239,-121.44001
435 EXCHANGE ST,SACRAMENTO,95838,CA,3,1,1082,Residential,190000,38.659434,-121.455236
10105 MONTE VALLO CT,SACRAMENTO,95827,CA,4,2,1578,Residential,190000,38.573917,-121.316916
3930 ANNABELLE AVE,ROSEVILLE,95661,CA,2,1,796,Residential,190000,38.727609,-121.226494
4854 TANGERINE AVE,SACRAMENTO,95823,CA,3,2,1386,Residential,191250,38.478239,-121.446326
2909 SHAWN WAY,RANCHO CORDOVA,95670,CA,3,2,1452,Residential,193000,38.589925,-121.299059
4290 BLACKFORD WAY,SACRAMENTO,95823,CA,3,2,1513,Residential,193500,38.470494,-121.454162
5890 TT TRAK,FORESTHILL,95631,CA,0,0,0,Residential,194818,39.020808,-120.821518
7015 WOODSIDE DR,SACRAMENTO,95842,CA,4,2,1578,Residential,195000,38.693071,-121.332365
6019 CHESHIRE WAY,CITRUS HEIGHTS,95610,CA,4,3,1736,Residential,195000,38.676437,-121.279165
3330 VILLAGE CT,CAMERON PARK,95682,CA,2,2,0,Residential,195000,38.690504,-120.996245
2561 VERNA WAY,SACRAMENTO,95821,CA,3,1,1473,Residential,195000,38.611055,-121.369964
3522 22ND AVE,SACRAMENTO,95820,CA,3,1,1150,Residential,198000,38.532725,-121.469078
2880 CANDIDO DR,SACRAMENTO,95833,CA,3,2,1127,Residential,199900,38.618019,-121.510215
6908 PIN OAK CT,FAIR OAKS,95628,CA,3,1,1144,Residential,200000,38.66424,-121.303675
5733 ANGELINA AVE,CARMICHAEL,95608,CA,3,1,972,Residential,201000,38.622634,-121.330846
7849 BONNY DOWNS WAY,ELK GROVE,95758,CA,4,2,2306,Residential,204918,38.42139,-121.411339
8716 LONGSPUR WAY,ANTELOPE,95843,CA,3,2,1479,Residential,205000,38.724083,-121.3584
6320 EL DORADO ST,EL DORADO,95623,CA,2,1,1040,Residential,205000,38.678758,-120.844118
2328 DOROTHY JUNE WAY,SACRAMENTO,95838,CA,3,2,1430,Residential,205878,38.641727,-121.412703
1986 DANVERS WAY,SACRAMENTO,95832,CA,4,2,1800,Residential,207000,38.47723,-121.492568
7901 GAZELLE TRAIL WAY,ANTELOPE,95843,CA,4,2,1953,Residential,207744,38.71174,-121.342675
6080 BRIDGECROSS DR,SACRAMENTO,95835,CA,3,2,1120,Residential,209000,38.681952,-121.505009
20 GROTH CIR,SACRAMENTO,95834,CA,3,2,1232,Residential,210000,38.640807,-121.533522
1900 DANBROOK DR,SACRAMENTO,95835,CA,1,1,984,Condo,210944,38.668433,-121.503471
140 VENTO CT,ROSEVILLE,95678,CA,3,2,0,Condo,212500,38.793533,-121.289685
8442 KEUSMAN ST,ELK GROVE,95758,CA,4,2,2329,Residential,213750,38.449651,-121.414704
9552 SUNLIGHT LN,ELK GROVE,95758,CA,3,2,1351,Residential,215000,38.410561,-121.404327
2733 YUMA CT,CAMERON PARK,95682,CA,2,2,0,Residential,215000,38.691215,-120.994949
1407 TIFFANY CIR,ROSEVILLE,95661,CA,4,1,1376,Residential,215000,38.736392,-121.2664
636 CRESTVIEW DR,DIAMOND SPRINGS,95619,CA,3,2,1300,Residential,216033,38.688255,-120.810235
1528 HESKET WAY,SACRAMENTO,95825,CA,4,2,1566,Residential,220000,38.593598,-121.403637
2327 32ND ST,SACRAMENTO,95817,CA,2,1,1115,Residential,220000,38.557433,-121.47034
1833 2ND AVE,SACRAMENTO,95818,CA,2,1,1032,Residential,220000,38.556818,-121.490669
7252 CARRIAGE DR,CITRUS HEIGHTS,95621,CA,4,2,1419,Residential,220000,38.698058,-121.294893
9815 PASO FINO WAY,ELK GROVE,95757,CA,3,2,1261,Residential,220000,38.404888,-121.443998
5532 ENGLE RD,CARMICHAEL,95608,CA,2,2,1637,Residential,220702,38.63173,-121.335286
1139 CLINTON RD,SACRAMENTO,95825,CA,4,2,1776,Multi-Family,221250,38.585291,-121.406824
9176 SAGE GLEN WAY,ELK GROVE,95758,CA,3,2,1338,Residential,222000,38.423913,-121.439115
9967 HATHERTON WAY,ELK GROVE,95757,CA,0,0,0,Residential,222500,38.3052,-121.4033
9264 BOULDER RIVER WAY,ELK GROVE,95624,CA,5,2,2254,Residential,222750,38.421713,-121.345191
320 GROTH CIR,SACRAMENTO,95834,CA,3,2,1441,Residential,225000,38.638882,-121.531883
137 GUNNISON AVE,SACRAMENTO,95838,CA,4,2,1991,Residential,225000,38.650729,-121.466483
8209 RIVALLO WAY,SACRAMENTO,95829,CA,4,3,2126,Residential,228750,38.459524,-121.3501
8637 PERIWINKLE CIR,ELK GROVE,95624,CA,3,2,1094,Residential,229000,38.443184,-121.364388
3425 MEADOW WAY,ROCKLIN,95677,CA,3,2,1462,Residential,230095,38.798028,-121.235364
107 JARVIS CIR,SACRAMENTO,95834,CA,5,3,2258,Residential,232500,38.639891,-121.537603
2319 THORES ST,RANCHO CORDOVA,95670,CA,3,2,1074,Residential,233000,38.59675,-121.312716
8935 MOUNTAIN HOME CT,ELK GROVE,95624,CA,4,2,2111,Residential,233500,38.38751,-121.370276
2566 SERENATA WAY,SACRAMENTO,95835,CA,3,2,1686,Residential,239000,38.671556,-121.520916
4085 COUNTRY DR,ANTELOPE,95843,CA,4,3,1915,Residential,240000,38.706209,-121.369509
9297 TROUT WAY,ELK GROVE,95624,CA,4,2,2367,Residential,240000,38.420637,-121.375798
7 ARCHIBALD CT,SACRAMENTO,95823,CA,3,2,1962,Residential,240971,38.443305,-121.435296
11130 EEL RIVER CT,RANCHO CORDOVA,95670,CA,2,2,1406,Residential,242000,38.625932,-121.271517
8323 REDBANK WAY,SACRAMENTO,95829,CA,3,2,1789,Residential,243450,38.455753,-121.349273
16 BRONCO CREEK CT,SACRAMENTO,95835,CA,4,2,1876,Residential,243500,38.674226,-121.525497
8316 NORTHAM DR,ANTELOPE,95843,CA,3,2,1235,Residential,246544,38.720767,-121.376678
4240 WINJE DR,ANTELOPE,95843,CA,4,2,2504,Residential,246750,38.70884,-121.359559
3569 SODA WAY,SACRAMENTO,95834,CA,0,0,0,Residential,247000,38.631139,-121.501879
5118 ROBANDER ST,CARMICHAEL,95608,CA,3,2,1676,Residential,247000,38.657267,-121.310352
5976 KYLENCH CT,CITRUS HEIGHTS,95621,CA,3,2,1367,Residential,249000,38.708966,-121.32467
9247 DELAIR WAY,ELK GROVE,95758,CA,4,3,1899,Residential,249000,38.422241,-121.458022
9054 DESCENDANT DR,ELK GROVE,95758,CA,3,2,1636,Residential,250000,38.428852,-121.415628
3450 WHITNOR CT,SACRAMENTO,95821,CA,3,2,1828,Residential,250000,38.627698,-121.369698
6288 LONETREE BLVD,ROCKLIN,95765,CA,0,0,0,Residential,250000,38.804993,-121.293609
9355 MATADOR WAY,SACRAMENTO,95826,CA,4,2,1438,Residential,252000,38.555633,-121.350691
8671 SUMMER SUN WAY,ELK GROVE,95624,CA,3,2,1451,Residential,255000,38.442845,-121.373272
1890 GENEVA PL,SACRAMENTO,95825,CA,3,1,1520,Residential,255000,38.599449,-121.400305
1813 AVENIDA MARTINA,ROSEVILLE,95747,CA,3,2,1506,Residential,255000,38.776649,-121.339589
191 BARNHART CIR,SACRAMENTO,95835,CA,4,2,2605,Residential,257200,38.675594,-121.515878
6221 GREEN TOP WAY,ORANGEVALE,95662,CA,3,2,1196,Residential,260000,38.679409,-121.219107
2298 PRIMROSE LN,LINCOLN,95648,CA,3,2,1621,Residential,260000,38.89918,-121.322514
5635 LOS PUEBLOS WAY,SACRAMENTO,95835,CA,3,2,1811,Residential,263500,38.679191,-121.537622
10165 LOFTON WAY,ELK GROVE,95757,CA,3,2,1540,Residential,266510,38.387708,-121.436522
1251 GREEN RAVINE DR,LINCOLN,95648,CA,4,2,0,Residential,267750,38.88156,-121.301343
6001 SHOO FLY RD,PLACERVILLE,95667,CA,0,0,0,Residential,270000,38.813546,-120.809254
3040 PARKHAM DR,ROSEVILLE,95747,CA,0,0,0,Residential,271000,38.770835,-121.366996
2674 TAM O SHANTER DR,EL DORADO HILLS,95762,CA,4,2,0,Residential,272700,38.695801,-121.079216
6007 MARYBELLE LN,SHINGLE SPRINGS,95682,CA,0,0,0,Unkown,275000,38.64347,-120.888183
9949 NESTLING CIR,ELK GROVE,95757,CA,3,2,1543,Residential,275000,38.397455,-121.468391
2915 HOLDREGE WAY,SACRAMENTO,95835,CA,5,3,2494,Residential,276000,38.663728,-121.525833
2678 BRIARTON DR,LINCOLN,95648,CA,3,2,1650,Residential,276500,38.844116,-121.274806
294 SPARROW DR,GALT,95632,CA,4,3,2214,Residential,278000,38.258976,-121.321266
2987 DIORITE WAY,SACRAMENTO,95835,CA,5,3,2280,Residential,279000,38.667332,-121.528276
6326 APPIAN WAY,CARMICHAEL,95608,CA,3,2,1443,Residential,280000,38.66266,-121.316858
6905 COBALT WAY,CITRUS HEIGHTS,95621,CA,4,2,1582,Residential,280000,38.691393,-121.305215
8986 HAFLINGER WAY,ELK GROVE,95757,CA,3,2,1857,Residential,285000,38.397923,-121.450219
2916 BABSON DR,ELK GROVE,95758,CA,3,2,1735,Residential,288000,38.417191,-121.473897
10133 NEBBIOLO CT,ELK GROVE,95624,CA,4,3,2096,Residential,289000,38.391085,-121.347231
1103 COMMONS DR,SACRAMENTO,95825,CA,3,2,1720,Residential,290000,38.567865,-121.410699
4636 TEAL BAY CT,ANTELOPE,95843,CA,4,2,2160,Residential,290000,38.704554,-121.354753
1524 YOUNGS AVE,SACRAMENTO,95838,CA,4,2,1382,Residential,293996,38.644927,-121.43054
865 CONRAD CT,PLACERVILLE,95667,CA,3,2,0,Residential,294000,38.729993,-120.802458
8463 TERRACOTTA CT,ELK GROVE,95624,CA,4,2,1721,Residential,294173,38.450548,-121.363002
5747 KING RD,LOOMIS,95650,CA,4,2,1328,Residential,295000,38.825096,-121.198432
8253 KEEGAN WAY,ELK GROVE,95624,CA,0,0,0,Residential,298000,38.446286,-121.400817
9204 TROUT WAY,ELK GROVE,95624,CA,4,2,1982,Residential,298000,38.422221,-121.375799
1828 2ND AVE,SACRAMENTO,95818,CA,2,1,1144,Residential,299000,38.556844,-121.490769
1113 COMMONS DR,SACRAMENTO,95825,CA,2,2,1623,Residential,300000,38.567795,-121.410703
2341 BIG STRIKE TRL,COOL,95614,CA,3,2,1457,Residential,300000,38.905927,-120.975169
9452 RED SPRUCE WAY,ELK GROVE,95624,CA,6,3,2555,Residential,300000,38.404505,-121.346938
5776 TERRACE DR,ROCKLIN,95765,CA,3,2,1577,Residential,300567,38.800539,-121.260979
5908 MCLEAN DR,ELK GROVE,95757,CA,5,3,2592,Residential,303000,38.38912,-121.434389
8215 PEREGRINE WAY,CITRUS HEIGHTS,95610,CA,3,2,1401,Residential,305000,38.715493,-121.26293
1104 HILLSDALE LN,LINCOLN,95648,CA,4,2,0,Residential,306000,38.865017,-121.32302
2949 PANAMA AVE,CARMICHAEL,95608,CA,3,2,1502,Residential,310000,38.618369,-121.326187
1356 HARTLEY WAY,FOLSOM,95630,CA,3,2,1327,Residential,310000,38.651617,-121.131674
633 HANISCH DR,ROSEVILLE,95678,CA,4,3,1800,Residential,310000,38.76349,-121.275881
63 ANGEL ISLAND CIR,SACRAMENTO,95831,CA,4,2,2169,Residential,311518,38.490408,-121.547664
1571 WILD OAK LN,LINCOLN,95648,CA,5,3,2457,Residential,312000,38.844144,-121.274174
5222 COPPER SUNSET WAY,RANCHO CORDOVA,95742,CA,0,0,0,Residential,313000,38.529181,-121.224755
5601 SPINDRIFT LN,ORANGEVALE,95662,CA,4,2,2004,Residential,315000,38.668289,-121.192316
652 FIFTEEN MILE DR,ROSEVILLE,95678,CA,4,3,2212,Residential,315000,38.775872,-121.298864
7921 DOE TRAIL WAY,ANTELOPE,95843,CA,5,3,3134,Residential,315000,38.711927,-121.343608
4204 LUSK DR,SACRAMENTO,95864,CA,3,2,1360,Residential,315000,38.606569,-121.368424
5321 DELTA DR,ROCKLIN,95765,CA,4,2,0,Residential,315000,38.815493,-121.262908
5608 ROSEDALE WAY,SACRAMENTO,95822,CA,3,2,1276,Residential,320000,38.525115,-121.518689
3372 BERETANIA WAY,SACRAMENTO,95834,CA,4,3,2962,Residential,322000,38.64977,-121.53448
2422 STEFANIE DR,ROCKLIN,95765,CA,4,2,1888,Residential,325000,38.82273,-121.26424
3232 PARKHAM DR,ROSEVILLE,95747,CA,0,0,0,Residential,325500,38.772821,-121.364821
448 ELMWOOD CT,ROSEVILLE,95678,CA,3,2,0,Residential,326951,38.771917,-121.304439
1214 DAWNWOOD DR,GALT,95632,CA,3,2,1548,Residential,328370,38.290119,-121.286023
1440 EMERALD LN,LINCOLN,95648,CA,2,2,0,Residential,330000,38.861864,-121.267478
3349 CORVINA DR,RANCHO CORDOVA,95670,CA,4,3,2109,Residential,330000,38.580545,-121.279016
10254 JULIANA WAY,SACRAMENTO,95827,CA,4,2,2484,Residential,331200,38.56803,-121.309966
149 OPUS CIR,SACRAMENTO,95834,CA,4,3,2258,Residential,332000,38.6354,-121.53499
580 REGENCY PARK CIR,SACRAMENTO,95835,CA,3,3,2212,Residential,334000,38.674864,-121.4958
5544 CAMAS CT,ORANGEVALE,95662,CA,3,2,1616,Residential,335000,38.667703,-121.209456
5102 ARCHCREST WAY,SACRAMENTO,95835,CA,4,2,2372,Residential,341000,38.66841,-121.494639
5725 BALFOR RD,ROCKLIN,95765,CA,5,3,2606,Residential,346375,38.807816,-121.270008
7697 ROSEHALL DR,ROSEVILLE,95678,CA,5,3,0,Residential,347225,38.79218,-121.28595
4821 HUTSON WAY,ELK GROVE,95757,CA,5,3,2877,Residential,349000,38.386239,-121.448159
4509 WINJE DR,ANTELOPE,95843,CA,3,2,2960,Residential,350000,38.709513,-121.359357
1965 LAURELHURST LN,LINCOLN,95648,CA,2,2,0,Residential,350000,38.853869,-121.271742
6709 ROSE BRIDGE DR,ROSEVILLE,95678,CA,3,2,2172,Residential,350000,38.792461,-121.275711
281 SPYGLASS HL,ROSEVILLE,95678,CA,3,2,2100,Condo,350000,38.762153,-121.283451
7709 RIVER VILLAGE DR,SACRAMENTO,95831,CA,3,2,1795,Residential,351000,38.483212,-121.54019
4165 BRISBANE CIR,EL DORADO HILLS,95762,CA,3,2,0,Residential,356200,38.686067,-121.073413
506 BEDFORD CT,ROSEVILLE,95661,CA,4,2,2295,Residential,360000,38.733985,-121.236766
9048 PINTO CANYON WAY,ROSEVILLE,95747,CA,4,3,2577,Residential,367463,38.792493,-121.331899
2274 IVY BRIDGE DR,ROSEVILLE,95747,CA,0,0,0,Residential,375000,38.778561,-121.362008
14004 WALNUT AVE,WALNUT GROVE,95690,CA,3,1,1727,Residential,380000,38.247659,-121.515129
6905 FRANKFORT CT,ELK GROVE,95758,CA,3,2,1485,Residential,380578,38.429139,-121.423444
3621 WINTUN DR,CARMICHAEL,95608,CA,3,2,1655,Residential,386222,38.629929,-121.323086
201 KIRKLAND CT,LINCOLN,95648,CA,0,0,0,Residential,389000,38.867125,-121.319085
12075 APPLESBURY CT,RANCHO CORDOVA,95742,CA,0,0,0,Residential,390000,38.5357,-121.2249
1975 SIDESADDLE WAY,ROSEVILLE,95661,CA,3,2,2049,Residential,395500,38.737872,-121.249025
5420 ALMOND FALLS WAY,RANCHO CORDOVA,95742,CA,0,0,0,Residential,396000,38.527384,-121.233531
9677 PILLITERI CT,ELK GROVE,95757,CA,5,3,2875,Residential,397000,38.405571,-121.445186
1515 EL CAMINO VERDE DR,LINCOLN,95648,CA,0,0,0,Residential,400000,38.904869,-121.32075
556 PLATT CIR,EL DORADO HILLS,95762,CA,4,2,2199,Residential,400000,38.656299,-121.079783
1792 DIAMOND WOODS CIR,ROSEVILLE,95747,CA,4,3,0,Residential,412500,38.808581,-121.32785
1124 PERKINS WAY,SACRAMENTO,95818,CA,2,1,1304,Residential,413500,38.551611,-121.504437
4748 SALEM WAY,CARMICHAEL,95608,CA,3,2,2334,Residential,415000,38.634111,-121.353376
1484 RADCLIFFE WAY,AUBURN,95603,CA,4,3,2278,Residential,420454,38.935579,-121.079018
51 AIKEN WAY,SACRAMENTO,95819,CA,3,1,1493,Residential,425000,38.579326,-121.44252
2818 KNOLLWOOD DR,CAMERON PARK,95682,CA,3,2,0,Residential,425000,38.669805,-120.999007
1536 STONEY CROSS LN,LINCOLN,95648,CA,0,0,0,Residential,433500,38.860007,-121.310946
509 CASTILLIAN CT,ROSEVILLE,95747,CA,5,3,0,Residential,438000,38.804773,-121.341195
700 HUNTER PL,FOLSOM,95630,CA,5,3,2787,Residential,441000,38.66051,-121.163689
1240 FAY CIR,SACRAMENTO,95831,CA,5,3,2824,Residential,445000,38.506371,-121.514456
1113 SANDWICK WAY,FOLSOM,95630,CA,4,3,3261,Residential,446000,38.673882,-121.105077
3108 DELWOOD WAY,SACRAMENTO,95821,CA,4,2,2053,Residential,450000,38.621566,-121.370882
3212 CORNICHE LN,ROSEVILLE,95661,CA,4,3,2379,Residential,455000,38.750577,-121.232768
2159 BECKETT DR,EL DORADO HILLS,95762,CA,3,2,0,Residential,460000,38.680092,-121.036467
4320 FOUR SEASONS RD,PLACERVILLE,95667,CA,3,2,0,Residential,475000,38.690867,-120.693641
6401 MARSHALL RD,GARDEN VALLEY,95633,CA,3,2,0,Residential,490000,38.84255,-120.8754
2089 BECKETT DR,EL DORADO HILLS,95762,CA,4,2,0,Residential,493000,38.681778,-121.035838
6196 EDGEHILL DR,EL DORADO HILLS,95762,CA,5,4,0,Residential,508000,38.676131,-121.038931
200 HILLSFORD CT,ROSEVILLE,95747,CA,0,0,0,Residential,511000,38.780051,-121.378718
8217 PLUMERIA AVE,FAIR OAKS,95628,CA,3,2,3173,Residential,525000,38.650735,-121.258628
4841 VILLAGE GREEN DR,EL DORADO HILLS,95762,CA,4,3,0,Residential,533000,38.664066,-121.056735
3863 LAS PASAS WAY,SACRAMENTO,95864,CA,3,1,1348,Residential,545000,38.588936,-121.373606
820 DANA CT,AUBURN,95603,CA,4,3,0,Residential,560000,38.865246,-121.094869
1165 37TH ST,SACRAMENTO,95816,CA,2,1,1252,Residential,575000,38.568438,-121.457854
203 CASCADE FALLS DR,FOLSOM,95630,CA,4,3,3229,Residential,575000,38.703962,-121.1871
9880 IZILDA CT,SACRAMENTO,95829,CA,5,4,3863,Residential,598695,38.45326,-121.32573
1800 AVONDALE DR,ROSEVILLE,95747,CA,5,3,0,Residential,600000,38.798448,-121.344054
4620 BROMWICH CT,ROCKLIN,95677,CA,4,3,0,Residential,600000,38.772672,-121.220232
620 KESWICK CT,GRANITE BAY,95746,CA,4,3,2356,Residential,600000,38.732096,-121.219142
4478 GREENBRAE RD,ROCKLIN,95677,CA,0,0,0,Residential,600000,38.781134,-121.222801
8432 BRIGGS DR,ROSEVILLE,95747,CA,5,3,3579,Residential,610000,38.78861,-121.339495
200 CRADLE MOUNTAIN CT,EL DORADO HILLS,95762,CA,0,0,0,Residential,622500,38.6478,-121.0309
2065 IMPRESSIONIST WAY,EL DORADO HILLS,95762,CA,0,0,0,Residential,680000,38.682961,-121.033253
2982 ABERDEEN LN,EL DORADO HILLS,95762,CA,4,3,0,Residential,879000,38.706692,-121.058869
9401 BARREL RACER CT,WILTON,95693,CA,4,3,4400,Residential,884790,38.415298,-121.194858
3720 VISTA DE MADERA,LINCOLN,95648,CA,3,3,0,Residential,1551,38.851645,-121.231742
14151 INDIO DR,SLOUGHHOUSE,95683,CA,3,4,5822,Residential,2000,38.490447,-121.129337
7401 TOULON LN,SACRAMENTO,95828,CA,4,2,1512,Residential,56950,38.488628,-121.387759
9127 NEWHALL DR Unit 34,SACRAMENTO,95826,CA,1,1,611,Condo,60000,38.542419,-121.359904
5937 BAMFORD DR,SACRAMENTO,95823,CA,2,1,876,Residential,61000,38.471139,-121.432255
5672 HILLSDALE BLVD,SACRAMENTO,95842,CA,2,1,933,Condo,62000,38.670467,-121.359799
3920 39TH ST,SACRAMENTO,95820,CA,2,1,864,Residential,68566,38.539213,-121.46393
701 JESSIE AVE,SACRAMENTO,95838,CA,2,1,1011,Residential,70000,38.643978,-121.449562
83 ARCADE BLVD,SACRAMENTO,95815,CA,4,2,1158,Residential,80000,38.618716,-121.466327
601 REGGINALD WAY,SACRAMENTO,95838,CA,3,2,1092,Residential,85500,38.64472,-121.452228
550 DEL VERDE CIR,SACRAMENTO,95833,CA,2,1,956,Condo,92000,38.627147,-121.500799
4113 DAYSTAR CT,SACRAMENTO,95824,CA,2,2,1139,Residential,93600,38.520469,-121.458606
7374 TISDALE WAY,SACRAMENTO,95822,CA,3,1,1058,Residential,95000,38.488238,-121.472561
3348 RIO LINDA BLVD,SACRAMENTO,95838,CA,3,2,1040,Residential,97750,38.628842,-121.446127
3935 LIMESTONE WAY,SACRAMENTO,95823,CA,3,2,1354,Residential,104000,38.484374,-121.463157
6208 GRATTAN WAY,NORTH HIGHLANDS,95660,CA,3,1,1051,Residential,105000,38.679279,-121.376615
739 E WOODSIDE LN Unit E,SACRAMENTO,95825,CA,1,1,682,Condo,107666,38.578675,-121.409951
4225 46TH AVE,SACRAMENTO,95824,CA,3,1,1161,Residential,109000,38.511893,-121.457676
1434 BELL AVE,SACRAMENTO,95838,CA,3,1,1004,Residential,110000,38.647398,-121.432914
5628 GEORGIA DR,NORTH HIGHLANDS,95660,CA,3,1,1229,Residential,110000,38.669587,-121.379879
7629 BETH ST,SACRAMENTO,95832,CA,3,2,1249,Residential,112500,38.480126,-121.487869
2277 BABETTE WAY,SACRAMENTO,95832,CA,3,2,1161,Residential,114800,38.479593,-121.48434
6561 WEATHERFORD WAY,SACRAMENTO,95823,CA,3,1,1010,Residential,116000,38.465551,-121.42661
3035 ESTEPA DR Unit 5C,CAMERON PARK,95682,CA,0,0,0,Condo,119000,38.681393,-120.996713
5136 CABOT CIR,SACRAMENTO,95820,CA,4,2,1462,Residential,121500,38.528479,-121.411806
7730 ROBINETTE RD,SACRAMENTO,95828,CA,3,2,1269,Residential,122000,38.47709,-121.410569
87 LACAM CIR,SACRAMENTO,95820,CA,2,2,1188,Residential,123675,38.532359,-121.41167
1691 NOGALES ST,SACRAMENTO,95838,CA,4,2,1570,Residential,126854,38.631925,-121.427775
3118 42ND ST,SACRAMENTO,95817,CA,3,2,1093,Residential,127059,38.546091,-121.457745
7517 50TH AVE,SACRAMENTO,95828,CA,3,1,962,Residential,128687,38.507339,-121.416267
4071 EVALITA WAY,SACRAMENTO,95823,CA,3,2,1089,Residential,129500,38.466388,-121.458861
7928 36TH AVE,SACRAMENTO,95824,CA,3,2,1127,Residential,130000,38.52049,-121.411383
6631 DEMARET DR,SACRAMENTO,95822,CA,4,2,1309,Residential,131750,38.506382,-121.483574
7043 9TH AVE,RIO LINDA,95673,CA,2,1,970,Residential,132000,38.695589,-121.444133
97 KENNELFORD CIR,SACRAMENTO,95823,CA,3,2,1144,Residential,134000,38.462376,-121.426556
2636 TRONERO WAY,RANCHO CORDOVA,95670,CA,3,1,1000,Residential,134000,38.593049,-121.30304
1530 TOPANGA LN Unit 204,LINCOLN,95648,CA,0,0,0,Condo,138000,38.88415,-121.270277
3604 KODIAK WAY,ANTELOPE,95843,CA,3,2,1206,Residential,142000,38.706175,-121.379776
2149 COTTAGE WAY,SACRAMENTO,95825,CA,3,1,1285,Residential,143012,38.603593,-121.417011
8632 PRAIRIEWOODS DR,SACRAMENTO,95828,CA,3,2,1543,Residential,145846,38.477563,-121.384382
612 STONE BLVD,WEST SACRAMENTO,95691,CA,2,1,884,Residential,147000,38.563084,-121.535579
4180 12TH AVE,SACRAMENTO,95817,CA,3,1,1019,Residential,148750,38.54117,-121.458129
8025 ARROYO VISTA DR,SACRAMENTO,95823,CA,4,2,1392,Residential,150000,38.46654,-121.419029
5754 WALERGA RD Unit 4,SACRAMENTO,95842,CA,2,1,924,Condo,150454,38.672567,-121.356754
8 LA ROCAS CT,SACRAMENTO,95823,CA,3,2,1217,Residential,151087,38.46616,-121.448283
8636 LONGSPUR WAY,ANTELOPE,95843,CA,3,2,1670,Residential,157296,38.725873,-121.35856
1941 EXPEDITION WAY,SACRAMENTO,95832,CA,3,2,1302,Residential,157500,38.473775,-121.493777
4351 TURNBRIDGE DR,SACRAMENTO,95823,CA,3,2,1488,Residential,160000,38.502034,-121.456027
6513 HOLIDAY WAY,NORTH HIGHLANDS,95660,CA,3,2,1373,Residential,160000,38.685361,-121.376938
8321 MISTLETOE WAY,CITRUS HEIGHTS,95621,CA,4,2,1381,Residential,161250,38.717738,-121.308322
5920 VALLEY GLEN WAY,SACRAMENTO,95823,CA,3,2,1265,Residential,164000,38.462821,-121.433135
2601 SAN FERNANDO WAY,SACRAMENTO,95818,CA,2,1,881,Residential,165000,38.556178,-121.476256
501 POPLAR AVE,WEST SACRAMENTO,95691,CA,0,0,0,Residential,165000,38.584526,-121.534609
8008 SAINT HELENA CT,SACRAMENTO,95829,CA,4,2,1608,Residential,165750,38.467012,-121.359969
6517 DONEGAL DR,CITRUS HEIGHTS,95621,CA,3,1,1344,Residential,166000,38.681554,-121.312934
1001 RIO NORTE WAY,SACRAMENTO,95834,CA,3,2,1202,Residential,169000,38.634292,-121.485106
604 P ST,LINCOLN,95648,CA,3,2,1104,Residential,170000,38.893168,-121.305398
10001 WOODCREEK OAKS BLVD Unit 815,ROSEVILLE,95747,CA,2,2,0,Condo,170000,38.795529,-121.328819
7351 GIGI PL,SACRAMENTO,95828,CA,4,2,1859,Multi-Family,170000,38.490606,-121.410173
7740 DIXIE LOU ST,SACRAMENTO,95832,CA,3,2,1232,Residential,170000,38.475853,-121.477039
7342 DAVE ST,SACRAMENTO,95828,CA,3,1,1638,Residential,170725,38.490822,-121.401643
7687 HOWERTON DR,SACRAMENTO,95831,CA,2,2,1177,Residential,171750,38.480859,-121.539745
26 KAMSON CT,SACRAMENTO,95833,CA,3,2,1582,Residential,172000,38.622794,-121.499173
7045 PEEVEY CT,SACRAMENTO,95823,CA,2,2,904,Residential,173056,38.502254,-121.451444
8916 GABLES MILL PL,ELK GROVE,95758,CA,3,2,1340,Residential,174000,38.433919,-121.422347
1140 EDMONTON DR,SACRAMENTO,95833,CA,3,2,1204,Residential,174250,38.62457,-121.486913
8879 APPLE PEAR CT,ELK GROVE,95624,CA,4,2,1477,Residential,176850,38.44574,-121.3725
9 WIND CT,SACRAMENTO,95823,CA,4,2,1497,Residential,179500,38.45073,-121.427528
8570 SHERATON DR,FAIR OAKS,95628,CA,3,1,960,Residential,185000,38.667254,-121.240708
1550 TOPANGA LN Unit 207,LINCOLN,95648,CA,0,0,0,Condo,188000,38.88417,-121.270222
1080 RIO NORTE WAY,SACRAMENTO,95834,CA,3,2,1428,Residential,188700,38.634335,-121.486098
5501 VALLETTA WAY,SACRAMENTO,95820,CA,3,1,1039,Residential,189000,38.530144,-121.43749
5624 MEMORY LN,FAIR OAKS,95628,CA,3,1,1529,Residential,189000,38.66745,-121.2364
6622 WILLOWLEAF DR,CITRUS HEIGHTS,95621,CA,4,3,1892,Residential,189836,38.699714,-121.311635
27 MEGAN CT,SACRAMENTO,95838,CA,4,2,1887,Residential,190000,38.649258,-121.465308
6601 WOODMORE OAKS DR,ORANGEVALE,95662,CA,3,2,1294,Residential,191250,38.687006,-121.254319
1973 DANVERS WAY,SACRAMENTO,95832,CA,3,2,1638,Residential,191675,38.477568,-121.492574
8001 ARROYO VISTA DR,SACRAMENTO,95823,CA,3,2,1677,Residential,195500,38.46734,-121.419843
7409 VOYAGER WAY,CITRUS HEIGHTS,95621,CA,3,1,1073,Residential,198000,38.700717,-121.3133
815 CROSSWIND DR,SACRAMENTO,95838,CA,3,2,1231,Residential,200000,38.651386,-121.45042
5509 LAGUNA CREST WAY,ELK GROVE,95758,CA,3,2,1175,Residential,200000,38.42442,-121.440357
8424 MERRY HILL WAY,ELK GROVE,95624,CA,3,2,1416,Residential,200000,38.452075,-121.366461
1525 PENNSYLVANIA AVE,WEST SACRAMENTO,95691,CA,0,0,0,Residential,200100,38.569943,-121.527539
5954 BRIDGECROSS DR,SACRAMENTO,95835,CA,3,2,1358,Residential,201528,38.68197,-121.500025
8789 SEQUOIA WOOD CT,ELK GROVE,95624,CA,4,2,1609,Residential,204750,38.438818,-121.37443
6600 SILVERTHORNE CIR,SACRAMENTO,95842,CA,4,3,1968,Residential,205000,38.68607,-121.342369
2221 2ND AVE,SACRAMENTO,95818,CA,2,2,1089,Residential,205000,38.555781,-121.485331
3230 SMATHERS WAY,CARMICHAEL,95608,CA,3,2,1296,Residential,205900,38.623372,-121.347665
5209 LAGUNA CREST WAY,ELK GROVE,95758,CA,2,2,1189,Residential,207000,38.424421,-121.443915
416 LEITCH AVE,SACRAMENTO,95815,CA,2,1,795,Residential,207973,38.612694,-121.456669
2100 BEATTY WAY,ROSEVILLE,95747,CA,3,2,1371,Residential,208250,38.737882,-121.308142
6920 GILLINGHAM WAY,NORTH HIGHLANDS,95660,CA,3,1,1310,Residential,208318,38.694279,-121.373395
82 WILDFLOWER DR,GALT,95632,CA,3,2,1262,Residential,209347,38.259708,-121.311616
8652 BANTON CIR,ELK GROVE,95624,CA,4,2,1740,Residential,211500,38.444,-121.370993
8428 MISTY PASS WAY,ANTELOPE,95843,CA,3,2,1517,Residential,212000,38.722959,-121.347115
7958 ROSEVIEW WAY,SACRAMENTO,95828,CA,3,2,1450,Residential,213000,38.467836,-121.410366
9020 LUKEN CT,ELK GROVE,95624,CA,3,2,1416,Residential,216000,38.451398,-121.366614
7809 VALLECITOS WAY,SACRAMENTO,95828,CA,3,1,888,Residential,216021,38.508217,-121.411207
8445 OLD AUBURN RD,CITRUS HEIGHTS,95610,CA,3,2,1882,Residential,219000,38.715423,-121.246743
10085 ATKINS DR,ELK GROVE,95757,CA,3,2,1302,Residential,219794,38.390893,-121.437821
9185 CERROLINDA CIR,ELK GROVE,95758,CA,3,2,1418,Residential,220000,38.424497,-121.426595
9197 CORTINA CIR,ROSEVILLE,95678,CA,3,2,0,Condo,220000,38.793152,-121.290025
5429 HESPER WAY,CARMICHAEL,95608,CA,4,2,1319,Residential,220000,38.665104,-121.315901
1178 WARMWOOD CT,GALT,95632,CA,4,2,1770,Residential,220000,38.289544,-121.284607
4900 ELUDE CT,SACRAMENTO,95842,CA,4,2,1627,Residential,223000,38.69674,-121.350519
3557 SODA WAY,SACRAMENTO,95834,CA,0,0,0,Residential,224000,38.631026,-121.501879
3528 SAINT GEORGE DR,SACRAMENTO,95821,CA,3,1,1040,Residential,224000,38.629468,-121.376445
7381 WASHBURN WAY,NORTH HIGHLANDS,95660,CA,3,1,960,Residential,224252,38.70355,-121.375103
2181 WINTERHAVEN CIR,CAMERON PARK,95682,CA,3,2,0,Residential,224500,38.69757,-120.995739
7540 HICKORY AVE,ORANGEVALE,95662,CA,3,1,1456,Residential,225000,38.703056,-121.235221
5024 CHAMBERLIN CIR,ELK GROVE,95757,CA,3,2,1450,Residential,228000,38.389756,-121.446246
2400 INVERNESS DR,LINCOLN,95648,CA,3,2,1358,Residential,229027,38.897814,-121.324691
5 BISHOPGATE CT,SACRAMENTO,95823,CA,4,2,1329,Residential,229500,38.467936,-121.445477
5601 REXLEIGH DR,SACRAMENTO,95823,CA,4,2,1715,Residential,230000,38.445342,-121.441504
1909 YARNELL WAY,ELK GROVE,95758,CA,3,2,1262,Residential,230000,38.417382,-121.484325
9169 GARLINGTON CT,SACRAMENTO,95829,CA,4,3,2280,Residential,232425,38.457679,-121.35962
6932 RUSKUT WAY,SACRAMENTO,95823,CA,3,2,1477,Residential,234000,38.499893,-121.45889
7933 DAFFODIL WAY,CITRUS HEIGHTS,95610,CA,3,2,1216,Residential,235000,38.708824,-121.256803
8304 RED FOX WAY,ELK GROVE,95758,CA,4,2,1685,Residential,235301,38.417,-121.397424
3882 YELLOWSTONE LN,EL DORADO HILLS,95762,CA,3,2,1362,Residential,235738,38.655245,-121.075915